id_penginapan,nama_tempat,longitude,latitude,rating,id_daerah,alamat
1,The Sultan Hotel Jakarta,106.809331,-6.216947,4,1,http://maps.google.com/?q=The+Sultan+Hotel+Jakarta
2,Aryaduta Suite Semanggi,106.81611743684005,-6.219991301063097,4,1,http://maps.google.com/?q=Aryaduta+Suite+Semanggi
3,Aloft South Jakarta,106.8162942,-6.291784031,4,1,http://maps.google.com/?q=Aloft+South+Jakarta
4,"The Langham, Jakarta",106.8063958,-6.227097,4,1,"http://maps.google.com/?q=The+Langham,+Jakarta"
5,"Hotel Mulia Senayan, Jakarta",106.797045,-6.215131,4,1,"http://maps.google.com/?q=Hotel+Mulia+Senayan,+Jakarta"
6,ASTON Priority Simatupang & Conference Center,106.834503,-6.301503,4,1,http://maps.google.com/?q=ASTON+Priority+Simatupang+&+Conference+Center
7,Merlynn Park Hotel,106.815414,-6.165894,4,1,http://maps.google.com/?q=Merlynn+Park+Hotel
8,Ascott Sudirman Jakarta,106.81968129999996,-6.2215855,4,1,http://maps.google.com/?q=Ascott+Sudirman+Jakarta
9,"The Hermitage, a Tribute Portfolio Hotel, Jakarta",106.838031,-6.198188,4,1,"http://maps.google.com/?q=The+Hermitage,+a+Tribute+Portfolio+Hotel,+Jakarta"
10,Mercure Convention Center Ancol - CHSE Certified,106.836323,-6.122196,4,1,http://maps.google.com/?q=Mercure+Convention+Center+Ancol+-+CHSE+Certified
11,Hotel Borobudur Jakarta,106.83579,-6.172478,4,1,http://maps.google.com/?q=Hotel+Borobudur+Jakarta
12,Discovery Ancol,106.830982,-6.125865,4,1,http://maps.google.com/?q=Discovery+Ancol
13,Yuan Garden Pasar Baru,106.83275252580644,-6.163203600688937,4,1,http://maps.google.com/?q=Yuan+Garden+Pasar+Baru
14,Menara Peninsula Hotel Jakarta,106.797909,-6.189983,4,1,http://maps.google.com/?q=Menara+Peninsula+Hotel+Jakarta
15,"The Ritz-Carlton Jakarta, Pacific Place Hotel",106.809681,-6.223285,4,1,"http://maps.google.com/?q=The+Ritz-Carlton+Jakarta,+Pacific+Place+Hotel"
16,Grand Hyatt Jakarta,106.82246199999996,-6.192628300000001,4,1,http://maps.google.com/?q=Grand+Hyatt+Jakarta
17,Century Park Hotel,106.8029623920654,-6.223261201271582,4,1,http://maps.google.com/?q=Century+Park+Hotel
18,Best Western Premier The Hive,106.875336,-6.245033,4,1,http://maps.google.com/?q=Best+Western+Premier+The+Hive
19,Hotel Ciputra Jakarta managed by Swiss-Belhotel International,106.786498,-6.168121,4,1,http://maps.google.com/?q=Hotel+Ciputra+Jakarta+managed+by+Swiss-Belhotel+International
20,DoubleTree by Hilton Jakarta - Diponegoro,106.843069,-6.198831,4,1,http://maps.google.com/?q=DoubleTree+by+Hilton+Jakarta+-+Diponegoro
21,Sheraton Grand Jakarta Gandaria City Hotel,106.7830351,-6.2452633,4,1,http://maps.google.com/?q=Sheraton+Grand+Jakarta+Gandaria+City+Hotel
22,Millennium Hotel Sirih Jakarta,106.81670638161472,-6.182667002467954,4,1,http://maps.google.com/?q=Millennium+Hotel+Sirih+Jakarta
23,Teraskita Hotel Jakarta managed by Dafam,106.87465,-6.245687,4,1,http://maps.google.com/?q=Teraskita+Hotel+Jakarta+managed+by+Dafam
24,Lumire Hotel & Convention Center,106.84034395092624,-6.1759450247056895,4,1,http://maps.google.com/?q=Lumire+Hotel+&+Convention+Center
25,Royal Kuningan Hotel,106.830269,-6.206681,4,1,http://maps.google.com/?q=Royal+Kuningan+Hotel
26,Pullman Jakarta Central Park,106.790028,-6.17646,4,1,http://maps.google.com/?q=Pullman+Jakarta+Central+Park
27,Manhattan Hotel Jakarta,106.83132114484404,-6.225193013149259,4,1,http://maps.google.com/?q=Manhattan+Hotel+Jakarta
28,Swiss-Belinn Simatupang Jakarta,106.779478,-6.291379,4,1,http://maps.google.com/?q=Swiss-Belinn+Simatupang+Jakarta
29,InterContinental Hotels JAKARTA PONDOK INDAH,106.782179,-6.264619,4,1,http://maps.google.com/?q=InterContinental+Hotels+JAKARTA+PONDOK+INDAH
30,Grand Tropic Suites Hotel,106.7876258,-6.171492499999999,4,1,http://maps.google.com/?q=Grand+Tropic+Suites+Hotel
31,Le Meridien Jakarta,106.81866790000004,-6.2133933,4,1,http://maps.google.com/?q=Le+Meridien+Jakarta
32,Gran Melia Jakarta,106.83007767857362,-6.2345030560441215,4,1,http://maps.google.com/?q=Gran+Melia+Jakarta
33,Swiss-Belhotel Pondok Indah,106.779704,-6.28759,4,1,http://maps.google.com/?q=Swiss-Belhotel+Pondok+Indah
34,Holiday Inn Express JAKARTA PLUIT CITYGATE,106.79044,-6.127151,4,1,http://maps.google.com/?q=Holiday+Inn+Express+JAKARTA+PLUIT+CITYGATE
35,Hotel Santika Premiere Slipi Jakarta,106.802312,-6.198277,4,1,http://maps.google.com/?q=Hotel+Santika+Premiere+Slipi+Jakarta
36,Fairmont Jakarta,106.798688,-6.221751,4,1,http://maps.google.com/?q=Fairmont+Jakarta
37,Redtop Hotel & Convention Center,106.82683223677066,-6.163276663123464,4,1,http://maps.google.com/?q=Redtop+Hotel+&+Convention+Center
38,Grand Whiz Poins Simatupang Jakarta,106.77765899999996,-6.289882,4,1,http://maps.google.com/?q=Grand+Whiz+Poins+Simatupang+Jakarta
39,Ambhara Hotel,106.8034194,-6.243213889,4,1,http://maps.google.com/?q=Ambhara+Hotel
40,ASTON Pluit Hotel & Residence,106.795115,-6.12443,4,1,http://maps.google.com/?q=ASTON+Pluit+Hotel+&+Residence
41,Hotel Gren Alia Jakarta,106.838203,-6.180881,4,1,http://maps.google.com/?q=Hotel+Gren+Alia+Jakarta
42,Holiday Inn Express JAKARTA WAHID HASYIM,106.821936,-6.187198,4,1,http://maps.google.com/?q=Holiday+Inn+Express+JAKARTA+WAHID+HASYIM
43,ibis Styles Jakarta Airport,106.683062,-6.115917,4,1,http://maps.google.com/?q=ibis+Styles+Jakarta+Airport
44,Sentral Cawang Hotel,106.872668,-6.246891999999999,4,1,http://maps.google.com/?q=Sentral+Cawang+Hotel
45,Harris Vertu Hotel Harmoni,106.820607,-6.164290999999999,4,1,http://maps.google.com/?q=Harris+Vertu+Hotel+Harmoni
46,Grand Dafam Ancol Jakarta,106.829628,-6.1297622,4,1,http://maps.google.com/?q=Grand+Dafam+Ancol+Jakarta
47,Harris Tebet Jakarta,106.848124,-6.222914,4,1,http://maps.google.com/?q=Harris+Tebet+Jakarta
48,Swiss-Belresidences Kalibata,106.855782,-6.255345,4,1,http://maps.google.com/?q=Swiss-Belresidences+Kalibata
49,Grand Mercure Jakarta Kemayoran,106.849698,-6.1536,4,1,http://maps.google.com/?q=Grand+Mercure+Jakarta+Kemayoran
50,"The Ritz-Carlton Jakarta, Mega Kuningan",106.82717449999996,-6.2285397,4,1,"http://maps.google.com/?q=The+Ritz-Carlton+Jakarta,+Mega+Kuningan"
51,ASTON Kartika Grogol Hotel & Conference Center,106.79213986011882,-6.16686899614645,4,1,http://maps.google.com/?q=ASTON+Kartika+Grogol+Hotel+&+Conference+Center
52,Swiss-Belhotel Airport Jakarta,106.686955,-6.113721,4,1,http://maps.google.com/?q=Swiss-Belhotel+Airport+Jakarta
53,Hotel Dharmein,106.7986681,-6.243422499999999,4,1,http://maps.google.com/?q=Hotel+Dharmein
54,Swiss-Belinn Wahid Hasyim,106.8208767,-6.187239399999999,4,1,http://maps.google.com/?q=Swiss-Belinn+Wahid+Hasyim
55,Ra Suites Simatupang,106.7960524,-6.291939699999999,4,1,http://maps.google.com/?q=Ra+Suites+Simatupang
56,Shangri-La Jakarta,106.818753,-6.202312,4,1,http://maps.google.com/?q=Shangri-La+Jakarta
57,Grand Mercure Jakarta Harmoni,106.81966,-6.160168,4,1,http://maps.google.com/?q=Grand+Mercure+Jakarta+Harmoni
58,eL Hotel Royale Bandung,107.6103538,-6.9158591,4,3,http://maps.google.com/?q=eL+Hotel+Royale+Bandung
59,Grand Tjokro Premiere Bandung,107.603845,-6.886302,4,3,http://maps.google.com/?q=Grand+Tjokro+Premiere+Bandung
60,Four Points by Sheraton Bandung,107.61215800000002,-6.901574999999999,4,3,http://maps.google.com/?q=Four+Points+by+Sheraton+Bandung
61,Aryaduta Bandung,107.611662,-6.907893,4,3,http://maps.google.com/?q=Aryaduta+Bandung
62,Hilton Bandung,107.597623,-6.912836,4,3,http://maps.google.com/?q=Hilton+Bandung
63,InterContinental Hotels BANDUNG DAGO PAKAR,107.641947,-6.86674,4,3,http://maps.google.com/?q=InterContinental+Hotels+BANDUNG+DAGO+PAKAR
64,Clove Garden Hotel & Residence,107.64264427249144,-6.873058413514878,4,3,http://maps.google.com/?q=Clove+Garden+Hotel+&+Residence
65,Moxy Bandung,107.61191970000004,-6.900311699999999,4,3,http://maps.google.com/?q=Moxy+Bandung
66,ibis Bandung Trans Studio,107.636254,-6.926821,4,3,http://maps.google.com/?q=ibis+Bandung+Trans+Studio
67,Apartment Gateway Cicadas by GPro,107.64497729999994,-6.9069707,3,3,http://maps.google.com/?q=Apartment+Gateway+Cicadas+by+GPro
68,Holiday Inn BANDUNG PASTEUR,107.590679,-6.895968,4,3,http://maps.google.com/?q=Holiday+Inn+BANDUNG+PASTEUR
69,Kytos Hotel,107.5932264513176,-6.869466130274049,4,3,http://maps.google.com/?q=Kytos+Hotel
70,Crowne Plaza BANDUNG,107.6118,-6.9171,4,3,http://maps.google.com/?q=Crowne+Plaza+BANDUNG
71,Apartmen The Suite Metro By Faris Bunbun,107.65908479690552,-6.939430971070963,4,3,http://maps.google.com/?q=Apartmen+The+Suite+Metro+By+Faris+Bunbun
72,The Papandayan,107.62379,-6.923077,4,3,http://maps.google.com/?q=The+Papandayan
73,THE 1O1 Bandung Dago,107.61021099999994,-6.9063411,4,3,http://maps.google.com/?q=THE+1O1+Bandung+Dago
74,GH Universal Hotel,107.597998,-6.850522,4,3,http://maps.google.com/?q=GH+Universal+Hotel
75,The Suites Metro by Desta Faris,107.65921354293825,-6.937950585215877,4,3,http://maps.google.com/?q=The+Suites+Metro+by+Desta+Faris
76,Sheraton Bandung Hotel & Towers,107.61997989999998,-6.874546500000001,4,3,http://maps.google.com/?q=Sheraton+Bandung+Hotel+&+Towers
77,Janévalla Bandung,107.61186999899996,-6.90974,4,3,http://maps.google.com/?q=Janévalla+Bandung
78,Grand Hotel Preanger,107.611636,-6.920718,4,3,http://maps.google.com/?q=Grand+Hotel+Preanger
79,Shakti Hotel Bandung,107.69711589999996,-6.937308900000001,4,3,http://maps.google.com/?q=Shakti+Hotel+Bandung
80,The Luxton Bandung,107.611357,-6.903839,4,3,http://maps.google.com/?q=The+Luxton+Bandung
81,Maison Teraskita Bandung,107.6068887,-6.9210901,4,3,http://maps.google.com/?q=Maison+Teraskita+Bandung
82,Serela Riau by KAGUM Hotels,107.619476,-6.906403,4,3,http://maps.google.com/?q=Serela+Riau+by+KAGUM+Hotels
83,Harris Hotel & Conventions Festival Citilink Bandung,107.586579,-6.929819,4,3,http://maps.google.com/?q=Harris+Hotel+&+Conventions+Festival+Citilink+Bandung
84,Horison Ultima Bandung,107.625306,-6.935608,4,3,http://maps.google.com/?q=Horison+Ultima+Bandung
85,Atlantic City,107.59769817790982,-6.9069168411350725,4,3,http://maps.google.com/?q=Atlantic+City
86,Nine Inn by Edotel Dbest,107.656755266489,-6.93946554350589,4,3,http://maps.google.com/?q=Nine+Inn+by+Edotel+Dbest
87,Grand Serela Setiabudhi by KAGUM Hotels,107.60120919999996,-6.8810402,4,3,http://maps.google.com/?q=Grand+Serela+Setiabudhi+by+KAGUM+Hotels
88,"Courtyard by Marriott Bandung Dago, CHSE Certified",107.6100776,-6.90421453,4,3,"http://maps.google.com/?q=Courtyard+by+Marriott+Bandung+Dago,+CHSE+Certified"
89,Serela Merdeka by KAGUM Hotels,107.6090011,-6.906646200000001,4,3,http://maps.google.com/?q=Serela+Merdeka+by+KAGUM+Hotels
90,Amaroossa Bandung,107.618396,-6.908619,4,3,http://maps.google.com/?q=Amaroossa+Bandung
91,Banana Inn by KAGUM Hotels,107.59368,-6.866921,4,3,http://maps.google.com/?q=Banana+Inn+by+KAGUM+Hotels
92,POP! Hotel Festival Citylink - Bandung,107.585973,-6.929565,4,3,http://maps.google.com/?q=POP!+Hotel+Festival+Citylink+-+Bandung
93,Sensa Hotel Bandung,107.6053673,-6.8946953,4,3,http://maps.google.com/?q=Sensa+Hotel+Bandung
94,ibis Bandung Pasteur,107.59606,-6.899887,4,3,http://maps.google.com/?q=ibis+Bandung+Pasteur
95,Mercure Bandung City Centre,107.611619,-6.923887,4,3,http://maps.google.com/?q=Mercure+Bandung+City+Centre
96,Grand Sunshine Resort and Convention,107.5286853,-7.0253776,4,3,http://maps.google.com/?q=Grand+Sunshine+Resort+and+Convention
97,Serela Waringin by KAGUM Hotels,107.593113183975,-6.91704345484043,4,3,http://maps.google.com/?q=Serela+Waringin+by+KAGUM+Hotels
98,"Sukajadi Hotel, Convention and Gallery",107.59695899999996,-6.885653,4,3,"http://maps.google.com/?q=Sukajadi+Hotel,+Convention+and+Gallery"
99,De Paviljoen Bandung,107.620601,-6.905833,4,3,http://maps.google.com/?q=De+Paviljoen+Bandung
100,Cinnamon Hotel Boutique Syariah,107.59508,-6.858609,4,3,http://maps.google.com/?q=Cinnamon+Hotel+Boutique+Syariah
101,Zest Hotel Sukajadi Bandung,107.59748137301632,-6.895187907438221,4,3,http://maps.google.com/?q=Zest+Hotel+Sukajadi+Bandung
102,Hotel 88 Bandung Kopo,107.586104,-6.951871,4,3,http://maps.google.com/?q=Hotel+88+Bandung+Kopo
103,Sari Ater Kamboti Hotel Bandung,107.5796914100647,-6.88320499924914,4,3,http://maps.google.com/?q=Sari+Ater+Kamboti+Hotel+Bandung
104,Kedaton Hotel,107.60793,-6.915518,4,3,http://maps.google.com/?q=Kedaton+Hotel
105,Hemangini Hotel Bandung,107.59915678042604,-6.880680125947302,4,3,http://maps.google.com/?q=Hemangini+Hotel+Bandung
106,Cambridge Hotel Medan,98.66721143187716,3.585092741141504,4,9,http://maps.google.com/?q=Cambridge+Hotel+Medan
107,JW Marriott Hotel Medan,98.675913,3.596374,4,9,http://maps.google.com/?q=JW+Marriott+Hotel+Medan
108,Horison Sky Kualanamu,98.87912,3.635499,4,9,http://maps.google.com/?q=Horison+Sky+Kualanamu
109,Hotel Anaya,98.6653476,3.5763272,3,9,http://maps.google.com/?q=Hotel+Anaya
110,Prime Plaza Hotel Kualanamu,98.83332629999995,3.5993086,4,9,http://maps.google.com/?q=Prime+Plaza+Hotel+Kualanamu
111,Cordex Hotel Medan,98.67324052532848,3.5948335811100565,4,9,http://maps.google.com/?q=Cordex+Hotel+Medan
112,Miyanna Hotel,98.708543,3.633815,4,9,http://maps.google.com/?q=Miyanna+Hotel
113,SELECTA HOTEL,98.67732291127253,3.585153996786448,4,9,http://maps.google.com/?q=SELECTA+HOTEL
114,OYO 2361 Hotel Winston,98.80199346011888,3.57905882160592,4,9,http://maps.google.com/?q=OYO+2361+Hotel+Winston
115,Grand Kanaya Hotel,98.6530408,3.589175499999999,4,9,http://maps.google.com/?q=Grand+Kanaya+Hotel
116,CREW EXPRESS Hotel,98.80448649999994,3.5872179,4,9,http://maps.google.com/?q=CREW+EXPRESS+Hotel
117,Hotel Antares,98.68833683431149,3.5740013656505103,4,9,http://maps.google.com/?q=Hotel+Antares
118,Swasana Hotel Medan,98.6648188,3.5932935,4,9,http://maps.google.com/?q=Swasana+Hotel+Medan
119,Cordela Inn Millenium Medan,98.6438714,3.599286400000001,4,9,http://maps.google.com/?q=Cordela+Inn+Millenium+Medan
120,Alpha Inn Medan,98.6677599325776,3.593223642685336,4,9,http://maps.google.com/?q=Alpha+Inn+Medan
121,Cordela Hotel Medan,98.68686090000006,3.596479,4,9,http://maps.google.com/?q=Cordela+Hotel+Medan
122,Pardede International Hotel Medan,98.672321,3.571747,4,9,http://maps.google.com/?q=Pardede+International+Hotel+Medan
123,Wisma Sederhana Budget Hotel,98.685209,3.582889,4,9,http://maps.google.com/?q=Wisma+Sederhana+Budget+Hotel
124,Hotel Menara Lexus,98.69501160000004,3.5570911,4,9,http://maps.google.com/?q=Hotel+Menara+Lexus
125,NIVIA HOTEL,98.7336389,3.5970638,4,9,http://maps.google.com/?q=NIVIA+HOTEL
126,Lively Hotel Kualanamu Airport Medan,98.83181109999998,3.5978919,4,9,http://maps.google.com/?q=Lively+Hotel+Kualanamu+Airport+Medan
127,OYO 2345 Homestay Jaya,98.6917912571472,3.589357479205492,4,9,http://maps.google.com/?q=OYO+2345+Homestay+Jaya
128,Hotel Aero,98.78496743738653,3.521034879567324,4,9,http://maps.google.com/?q=Hotel+Aero
129,OYO 90565 Wesly House,98.6590969,3.5859858,4,9,http://maps.google.com/?q=OYO+90565+Wesly+House
130,Amaliun Hotel,98.689917,3.57627,4,9,http://maps.google.com/?q=Amaliun+Hotel
131,Odua Golden Mansyur Medan,98.6574948,3.5685339,5,9,http://maps.google.com/?q=Odua+Golden+Mansyur+Medan
132,OYO 90457 Anara Residence & Guest House,98.6274155,3.594359,4,9,http://maps.google.com/?q=OYO+90457+Anara+Residence+&+Guest+House
133,OYO 1457 Tmj Guest House,98.68769928472511,3.596196314853389,4,9,http://maps.google.com/?q=OYO+1457+Tmj+Guest+House
134,Putra Mulia Hotel,98.654028,3.590277299999999,4,9,http://maps.google.com/?q=Putra+Mulia+Hotel
135,Alam Hotel by Cordela,98.70336629999996,3.5724663,4,9,http://maps.google.com/?q=Alam+Hotel+by+Cordela
136,OYO 2574 Z Suites Hotel,98.627309,3.578268,4,9,http://maps.google.com/?q=OYO+2574+Z+Suites+Hotel
137,OYO 456 Aljadid Guest House Syariah,98.68917970000008,3.5780225,4,9,http://maps.google.com/?q=OYO+456+Aljadid+Guest+House+Syariah
138,Kanasha Hotel,98.68549029999996,3.578569,4,9,http://maps.google.com/?q=Kanasha+Hotel
139,OYO 1400 Barat Residence Syariah,98.65020450859834,3.558701226713421,4,9,http://maps.google.com/?q=OYO+1400+Barat+Residence+Syariah
140,OYO 90447 Kardopa Hotel Megapark,98.6470068,3.6013783,4,9,http://maps.google.com/?q=OYO+90447+Kardopa+Hotel+Megapark
141,Huber Apartment,98.64856570959093,3.572132153779516,4,9,http://maps.google.com/?q=Huber+Apartment
142,My Studio Hotel Kualanamu Airport Medan,98.8317001,3.5980642,4,9,http://maps.google.com/?q=My+Studio+Hotel+Kualanamu+Airport+Medan
143,OYO 1183 Papakoel,98.6523907313175,3.5645902074504083,4,9,http://maps.google.com/?q=OYO+1183+Papakoel
144,Vivo Stay,98.683954,3.58621,4,9,http://maps.google.com/?q=Vivo+Stay
145,OYO 359 Executive Inn,98.70933689999993,3.5979273,4,9,http://maps.google.com/?q=OYO+359+Executive+Inn
146,Adi Pelita Sari,115.21364991485814,-8.666268074565354,4,8,http://maps.google.com/?q=Adi+Pelita+Sari
147,Hermes Palace by BENCOOLEN,95.34411439999997,5.556202000000001,4,10,http://maps.google.com/?q=Hermes+Palace+by+BENCOOLEN
148,Hip Hope Hotel,95.31453752247624,5.552951738317781,4,10,http://maps.google.com/?q=Hip+Hope+Hotel
149,Kyriad Hotel Muraya Aceh,95.32226879999996,5.5566859,4,10,http://maps.google.com/?q=Kyriad+Hotel+Muraya+Aceh
150,The Pade Hotel,95.31675157672112,5.517330657473516,4,10,http://maps.google.com/?q=The+Pade+Hotel
151,Hotel Medan Banda Aceh,95.3187103,5.557452200000001,4,10,http://maps.google.com/?q=Hotel+Medan+Banda+Aceh
152,Grand Arabia Hotel,95.311771,5.549543,4,10,http://maps.google.com/?q=Grand+Arabia+Hotel
153,Plum Hotel Lading Banda Aceh,95.31722202140372,5.55578016919494,4,10,http://maps.google.com/?q=Plum+Hotel+Lading+Banda+Aceh
154,SPOT ON 2134 Seunia Hotel,95.35603154776118,5.572784851087732,4,10,http://maps.google.com/?q=SPOT+ON+2134+Seunia+Hotel
155,Hotel Rasamala,95.30800309999997,5.538021,4,10,http://maps.google.com/?q=Hotel+Rasamala
156,Hotel Amel & Convention Hall,95.30230343341827,5.552011712855048,4,10,http://maps.google.com/?q=Hotel+Amel+&+Convention+Hall
157,OYO 854 Ub Caisar Hotel,95.34825,5.576094,4,10,http://maps.google.com/?q=OYO+854+Ub+Caisar+Hotel
158,Hotel Mekkah,95.33785439999996,5.5665236,4,10,http://maps.google.com/?q=Hotel+Mekkah
159,Kumala Hotel Banda Aceh,95.3453647,5.551411499999999,4,10,http://maps.google.com/?q=Kumala+Hotel+Banda+Aceh
160,Grand Nanggroe Hotel,95.34115091534431,5.537159321226633,4,10,http://maps.google.com/?q=Grand+Nanggroe+Hotel
161,Seventeen Hotel,95.30901297926904,5.539688339044584,4,10,http://maps.google.com/?q=Seventeen+Hotel
162,Hotel 61 Banda Aceh,95.3219,5.556982,4,10,http://maps.google.com/?q=Hotel+61+Banda+Aceh
163,Mita Mulia Hotel,95.36538489999998,5.572208400000001,4,10,http://maps.google.com/?q=Mita+Mulia+Hotel
164,Oasis Atjeh Hotel,95.339259,5.540535,4,10,http://maps.google.com/?q=Oasis+Atjeh+Hotel
165,Al-Hanifi Hotel,95.33480609999992,5.5645256,4,10,http://maps.google.com/?q=Al-Hanifi+Hotel
166,Capital O 2018 Ring Road Guest House Syariah,95.33626184907382,5.532286874288471,4,10,http://maps.google.com/?q=Capital+O+2018+Ring+Road+Guest+House+Syariah
167,My Home Aceh,95.320059,5.556313,4,10,http://maps.google.com/?q=My+Home+Aceh
168,Capital O 1630 Hotel Syariah Ring Road,95.33055450000006,5.5304327,4,10,http://maps.google.com/?q=Capital+O+1630+Hotel+Syariah+Ring+Road
169,Hotel Madinah,95.338144,5.563376,3,10,http://maps.google.com/?q=Hotel+Madinah
170,Hozby Family Suites,95.3291802067459,5.530114689016338,5,10,http://maps.google.com/?q=Hozby+Family+Suites
171,The ZHM Premiere (d/h Grand Zuri) Padang,100.36424346038405,-0.9546921537045492,4,11,http://maps.google.com/?q=The+ZHM+Premiere+(d/h+Grand+Zuri)+Padang
172,Truntum Padang Hotel,100.35699605941818,-0.957372972316641,4,11,http://maps.google.com/?q=Truntum+Padang+Hotel
173,ibis Padang Hotel,100.362942,-0.929411,4,11,http://maps.google.com/?q=ibis+Padang+Hotel
174,Rocky Plaza Hotel Padang,100.3596,-0.9468,4,11,http://maps.google.com/?q=Rocky+Plaza+Hotel+Padang
175,Pangeran Beach Hotel,100.350743608004,-0.923987933655728,4,11,http://maps.google.com/?q=Pangeran+Beach+Hotel
176,Mercure Padang,100.352313,-0.936285,4,11,http://maps.google.com/?q=Mercure+Padang
177,Ocean Beach Hotel,100.3582107,-0.9449121,4,11,http://maps.google.com/?q=Ocean+Beach+Hotel
178,Kyriad Bumiminang Hotel Padang,100.358635,-0.955532,4,11,http://maps.google.com/?q=Kyriad+Bumiminang+Hotel+Padang
179,The Axana Hotel,100.359162,-0.95468,4,11,http://maps.google.com/?q=The+Axana+Hotel
180,favehotel Olo Padang,100.355797,-0.945573,4,11,http://maps.google.com/?q=favehotel+Olo+Padang
181,Deivan Hotel,100.355416,-0.95734,4,11,http://maps.google.com/?q=Deivan+Hotel
182,Imelda Hotel - Water Park - Convention,100.464727,-0.942267,4,11,http://maps.google.com/?q=Imelda+Hotel+-+Water+Park+-+Convention
183,Nagari Koto Gadang,100.36148107962345,-0.9463392492953304,4,11,http://maps.google.com/?q=Nagari+Koto+Gadang
184,New d'Dhave Hotel,100.361719,-0.896048,4,11,http://maps.google.com/?q=New+d'Dhave+Hotel
185,OYO 3305 Bumi Siliwangi Residence,100.3550818982013,-0.9204012904087272,4,11,http://maps.google.com/?q=OYO+3305+Bumi+Siliwangi+Residence
186,Fazarel Residence Syariah,100.35530624113926,-0.9384331732869036,4,11,http://maps.google.com/?q=Fazarel+Residence+Syariah
187,d'Dhave hotel,100.3540372,-0.9354586,4,11,http://maps.google.com/?q=d'Dhave+hotel
188,TANAHOTEL PADANG,100.36932255828384,-0.9209890596235798,4,11,http://maps.google.com/?q=TANAHOTEL+PADANG
189,Kinol Homestay,100.361745,-0.954933,4,11,http://maps.google.com/?q=Kinol+Homestay
190,OYO 1673 M Authentic Kost Man,100.36062307486873,-0.960631782904952,4,11,http://maps.google.com/?q=OYO+1673+M+Authentic+Kost+Man
191,OYO 91675 Utama Residence,100.3515398,-0.920044,5,11,http://maps.google.com/?q=OYO+91675+Utama+Residence
192,Kelapa Gading Guesthouse II,100.35624101758005,-0.9152716021457644,4,11,http://maps.google.com/?q=Kelapa+Gading+Guesthouse+II
193,Jesnic Hotel,100.36393,-0.954259,4,11,http://maps.google.com/?q=Jesnic+Hotel
194,TEE HOTEL,100.3694402530167,-0.8870688925695485,4,11,http://maps.google.com/?q=TEE+HOTEL
195,Wisma Ayank,100.41916500000002,-0.94981,4,11,http://maps.google.com/?q=Wisma+Ayank
196,Wisma Tatar Pasundan,100.35257,-0.913911,4,11,http://maps.google.com/?q=Wisma+Tatar+Pasundan
197,HOTEL RUMAH RB,100.390924,-0.9526868,3,11,http://maps.google.com/?q=HOTEL+RUMAH+RB
198,Hotel Bintang Padang,100.358567,-0.962769,4,11,http://maps.google.com/?q=Hotel+Bintang+Padang
199,Lestari Guesthouse,100.35783156752586,-0.9577641849145276,4,11,http://maps.google.com/?q=Lestari+Guesthouse
200,Wisma Rumah KIta,100.36043770000003,-0.9599649999999998,4,11,http://maps.google.com/?q=Wisma+Rumah+KIta
201,Rumah Tamu Agung,100.3850346,-0.9547117,4,11,http://maps.google.com/?q=Rumah+Tamu+Agung
202,Wyndham Opi Hotel Palembang,104.79119428288914,-3.0355603303886443,4,12,http://maps.google.com/?q=Wyndham+Opi+Hotel+Palembang
203,Beston Hotel Palembang (FKA Horison Ultima Palembang),104.756718,-2.979965,4,12,http://maps.google.com/?q=Beston+Hotel+Palembang+(FKA+Horison+Ultima+Palembang)
204,The Alts Hotel,104.7646873,-2.9709533,4,12,http://maps.google.com/?q=The+Alts+Hotel
205,ASTON Palembang Hotel & Conference Center,104.747336,-2.95496,4,12,http://maps.google.com/?q=ASTON+Palembang+Hotel+&+Conference+Center
206,All Nite & Day Palembang - Veteran,104.76237609999998,-2.9758718,4,12,http://maps.google.com/?q=All+Nite+&+Day+Palembang+-+Veteran
207,MaxOneHotels.com @ Vivo Palembang,104.759316,-2.95173,4,12,http://maps.google.com/?q=MaxOneHotels.com+@+Vivo+Palembang
208,The Zuri Palembang,104.7469008,-2.9815692,4,12,http://maps.google.com/?q=The+Zuri+Palembang
209,Rio City Hotel,104.765071,-2.980241,4,12,http://maps.google.com/?q=Rio+City+Hotel
210,BATIQA Hotel Palembang,104.744264,-2.984509,4,12,http://maps.google.com/?q=BATIQA+Hotel+Palembang
211,favehotel Palembang,104.746127,-2.956293,4,12,http://maps.google.com/?q=favehotel+Palembang
212,Harper Palembang by ASTON,104.7574045,-2.952341600000001,4,12,http://maps.google.com/?q=Harper+Palembang+by+ASTON
213,Hotel Santika Radial Palembang,104.7481,-2.981195,4,12,http://maps.google.com/?q=Hotel+Santika+Radial+Palembang
214,The Excelton Hotel,104.73128270000008,-2.97044,4,12,http://maps.google.com/?q=The+Excelton+Hotel
215,Algoritma Hotel Palembang,104.769866,-2.969668,4,12,http://maps.google.com/?q=Algoritma+Hotel+Palembang
216,The 1O1 Palembang Rajawali,104.76435,-2.971266,4,12,http://maps.google.com/?q=The+1O1+Palembang+Rajawali
217,Ayola Sentosa Palembang,104.761615,-2.985285,4,12,http://maps.google.com/?q=Ayola+Sentosa+Palembang
218,Emilia Hotel By Amazing - Palembang,104.754011,-2.984709,4,12,http://maps.google.com/?q=Emilia+Hotel+By+Amazing+-+Palembang
219,Luminor Hotel Palembang,104.75083529949188,-2.9718308968361846,4,12,http://maps.google.com/?q=Luminor+Hotel+Palembang
220,Opa Hotel Palembang,104.75707710000006,-2.9597004,4,12,http://maps.google.com/?q=Opa+Hotel+Palembang
221,Rid's Hotel Palembang,104.69942015776608,-2.915003699128356,4,12,http://maps.google.com/?q=Rid's+Hotel+Palembang
222,Cordela Inn R. Sukamto Palembang,104.76158450000004,-2.9525827,4,12,http://maps.google.com/?q=Cordela+Inn+R.+Sukamto+Palembang
223,Sintesa Peninsula Hotel Palembang,104.783859,-2.950862,4,12,http://maps.google.com/?q=Sintesa+Peninsula+Hotel+Palembang
224,Hotel Harvani,104.76972209999995,-2.970807,4,12,http://maps.google.com/?q=Hotel+Harvani
225,Barong Hotel,104.74192,-2.976138,4,12,http://maps.google.com/?q=Barong+Hotel
226,OYO 142 Hotel Al Furqon Syariah,104.75682535115186,-2.9521481915661973,4,12,http://maps.google.com/?q=OYO+142+Hotel+Al+Furqon+Syariah
227,The Emerald Inn,104.73719604209371,-2.9756027709493886,4,12,http://maps.google.com/?q=The+Emerald+Inn
228,Denata B&B,104.75658492179718,-2.971736699279921,4,12,http://maps.google.com/?q=Denata+B&B
229,Cemerlang Inn,104.75669552670388,-2.9739496832777075,4,12,http://maps.google.com/?q=Cemerlang+Inn
230,Alpha Family Kostel,104.76202519999993,-2.9523709,4,12,http://maps.google.com/?q=Alpha+Family+Kostel
231,Homestay 82 Syariah Palembang,104.76035177707672,-2.9625789673696983,4,12,http://maps.google.com/?q=Homestay+82+Syariah+Palembang
232,U_xpress Hotel,104.76041695581966,-2.9835561249437097,4,12,http://maps.google.com/?q=U_xpress+Hotel
233,Hotel Alam Sutra,104.731482,-2.944831,4,12,http://maps.google.com/?q=Hotel+Alam+Sutra
234,OYO 3431 Alpha Hotel Syariah,104.69919048651704,-2.9086337885032307,4,12,http://maps.google.com/?q=OYO+3431+Alpha+Hotel+Syariah
235,Circle One,104.76274398216763,-2.9809852989955057,4,12,http://maps.google.com/?q=Circle+One
236,Desilva Bandara,104.71402734518053,-2.9168753418862003,4,12,http://maps.google.com/?q=Desilva+Bandara
237,OYO 1389 Hotel Carissima,104.74936504662708,-2.975123874142169,4,12,http://maps.google.com/?q=OYO+1389+Hotel+Carissima
238,OYO 90226 Penginapan Sederhana Syariah,104.7507789,-2.9538829,4,12,http://maps.google.com/?q=OYO+90226+Penginapan+Sederhana+Syariah
239,roriz house palembang,104.7333664300148,-2.9451823104097223,5,12,http://maps.google.com/?q=roriz+house+palembang
240,Wisma Cendana Syariah,104.74876329302788,-2.946830980070628,4,12,http://maps.google.com/?q=Wisma+Cendana+Syariah
241,Collection O 90428 Remington Hotel,104.776883,-2.9693089,4,12,http://maps.google.com/?q=Collection+O+90428+Remington+Hotel
242,D'Paragon Dwikora,104.74145870000008,-2.9718874,4,12,http://maps.google.com/?q=D'Paragon+Dwikora
243,OYO 1868 Penginapan Sekip,104.7518904,-2.9696145,4,12,http://maps.google.com/?q=OYO+1868+Penginapan+Sekip
244,OYO 2177 Trikora Indah Residence Palembang,104.73967932484275,-2.9678487900333663,4,12,http://maps.google.com/?q=OYO+2177+Trikora+Indah+Residence+Palembang
245,OYO 91680 Hotel Mentari,104.7276898,-2.9370801,5,12,http://maps.google.com/?q=OYO+91680+Hotel+Mentari
246,Hotel Grand Putri Sriwijaya Syariah,104.7892886631946,-3.029772592299245,4,12,http://maps.google.com/?q=Hotel+Grand+Putri+Sriwijaya+Syariah
247,D'Paragon Trikora,104.73542709999992,-2.9677318,4,12,http://maps.google.com/?q=D'Paragon+Trikora
248,OYO 90412 My Kost,104.7506975,-2.9730339,4,12,http://maps.google.com/?q=OYO+90412+My+Kost
249,Green Guesthouse,104.7080964,-2.9190729,4,12,http://maps.google.com/?q=Green+Guesthouse
250,OYO 91160 Wisma Srijaya Syariah,104.72045123577118,-2.9622361034123825,4,12,http://maps.google.com/?q=OYO+91160+Wisma+Srijaya+Syariah
251,OYO 91805 Hotel Wisma Bari,104.7584975,-2.9824573,5,12,http://maps.google.com/?q=OYO+91805+Hotel+Wisma+Bari
252,Lorin Sentul Hotel,106.85598883068847,-6.5315578986993374,4,7,http://maps.google.com/?q=Lorin+Sentul+Hotel
253,ASTON Sentul Lake Resort & Conference Center,106.8824458134918,-6.587060849017382,4,7,http://maps.google.com/?q=ASTON+Sentul+Lake+Resort+&+Conference+Center
254,Grand Savero Hotel Bogor,106.804846,-6.596488,4,7,http://maps.google.com/?q=Grand+Savero+Hotel+Bogor
255,Horison Ultima Bhuvana Ciawi,106.85389770000006,-6.6611562,4,7,http://maps.google.com/?q=Horison+Ultima+Bhuvana+Ciawi
256,ibis Styles Bogor Raya,106.837198,-6.604849,4,7,http://maps.google.com/?q=ibis+Styles+Bogor+Raya
257,Novotel Bogor Golf Resort & Convention Center,106.836877,-6.604141,4,7,http://maps.google.com/?q=Novotel+Bogor+Golf+Resort+&+Convention+Center
258,R Hotel Rancamaya,106.823043,-6.659211,4,7,http://maps.google.com/?q=R+Hotel+Rancamaya
259,Padjadjaran Suites Resort & Convention Hotel,106.786538,-6.640523,4,7,http://maps.google.com/?q=Padjadjaran+Suites+Resort+&+Convention+Hotel
260,Savero Style Bogor,106.8045138,-6.5937674,4,7,http://maps.google.com/?q=Savero+Style+Bogor
261,Arch Hotel Bogor,106.807873,-6.578538,4,7,http://maps.google.com/?q=Arch+Hotel+Bogor
262,Green Forest Bogor,106.805998,-6.649556,4,7,http://maps.google.com/?q=Green+Forest+Bogor
263,Padjadjaran Hotel,106.806938946247,-6.57699136505589,4,7,http://maps.google.com/?q=Padjadjaran+Hotel
264,The Sahira Hotel ( Syariah Hotel ),106.79993838071825,-6.574910341703628,4,7,http://maps.google.com/?q=The+Sahira+Hotel+(+Syariah+Hotel+)
265,Citrus-house,106.81917470000008,-6.607841899999999,4,7,http://maps.google.com/?q=Citrus-house
266,Onih Hotel,106.79454177618028,-6.601645898352122,4,7,http://maps.google.com/?q=Onih+Hotel
267,New Green Sentul Resort & Hotel,106.86299140000006,-6.5367916,4,7,http://maps.google.com/?q=New+Green+Sentul+Resort+&+Hotel
268,Sahira Butik Hotel Paledang,106.794146,-6.600951,4,7,http://maps.google.com/?q=Sahira+Butik+Hotel+Paledang
269,Rizen Padjadjaran Hotel,106.808952,-6.603978,4,7,http://maps.google.com/?q=Rizen+Padjadjaran+Hotel
270,The Village Resort Bogor By Waringin Hospitality,106.86060239384848,-6.713184773305533,4,7,http://maps.google.com/?q=The+Village+Resort+Bogor+By+Waringin+Hospitality
271,Pelindo Residence (Syariah),106.85562900000002,-6.655413999999999,4,7,http://maps.google.com/?q=Pelindo+Residence+(Syariah)
272,Light Box,106.80558941356124,-6.591992625667621,4,7,http://maps.google.com/?q=Light+Box
273,Sahira Butik Pakuan (Syariah Hotel),106.81060690000004,-6.606828199999999,4,7,http://maps.google.com/?q=Sahira+Butik+Pakuan+(Syariah+Hotel)
274,Sienna Residence,106.7508688,-6.574108900000001,4,7,http://maps.google.com/?q=Sienna+Residence
275,Residence Tanjung Pakuan,106.81424260139464,-6.597153658217978,4,7,http://maps.google.com/?q=Residence+Tanjung+Pakuan
276,Po Hotel (FKA Crowne Plaza Semarang),110.41565709999998,-6.9786231,4,4,http://maps.google.com/?q=Po+Hotel+(FKA+Crowne+Plaza+Semarang)
277,Gumaya Tower Hotel Semarang,110.420059,-6.977311,4,4,http://maps.google.com/?q=Gumaya+Tower+Hotel+Semarang
278,Amanda Hills Bandungan,110.360637,-7.219995,4,4,http://maps.google.com/?q=Amanda+Hills+Bandungan
279,Hotel Ciputra Semarang managed by Swiss-Belhotel International,110.423799,-6.988595,4,4,http://maps.google.com/?q=Hotel+Ciputra+Semarang+managed+by+Swiss-Belhotel+International
280,Whiz Hotel Pemuda Semarang,110.415086,-6.97778,4,4,http://maps.google.com/?q=Whiz+Hotel+Pemuda+Semarang
281,Grand Candi Hotel Semarang,110.422818,-7.016298,4,4,http://maps.google.com/?q=Grand+Candi+Hotel+Semarang
282,HA-KA Simpang Lima Hotel Semarang,110.429122,-6.993303,4,4,http://maps.google.com/?q=HA-KA+Simpang+Lima+Hotel+Semarang
283,Horison Kota Lama Semarang,110.431358,-6.969023,4,4,http://maps.google.com/?q=Horison+Kota+Lama+Semarang
284,Golden City Hotel and Convention Center,110.430668,-6.967673,4,4,http://maps.google.com/?q=Golden+City+Hotel+and+Convention+Center
285,The Azana Hotel Airport Semarang,110.38479559999996,-6.9850258,4,4,http://maps.google.com/?q=The+Azana+Hotel+Airport+Semarang
286,Citrip Hotel Simpang Lima (FKA CityOne),110.427384,-6.989578,4,4,http://maps.google.com/?q=Citrip+Hotel+Simpang+Lima+(FKA+CityOne)
287,Hotel Citradream Semarang,110.410395,-6.981019,4,4,http://maps.google.com/?q=Hotel+Citradream+Semarang
288,Candiview Hotel Semarang,110.409583,-7.002187,4,4,http://maps.google.com/?q=Candiview+Hotel+Semarang
289,Hotel Dalu Semarang,110.45753002166748,-7.006575937467707,4,4,http://maps.google.com/?q=Hotel+Dalu+Semarang
290,Hotel Grasia,110.409617,-7.004583,4,4,http://maps.google.com/?q=Hotel+Grasia
291,Hotel Pantes Candi Simpang Lima,110.4254407,-7.0097864,4,4,http://maps.google.com/?q=Hotel+Pantes+Candi+Simpang+Lima
292,Plaza Hotel Semarang,110.419879078865,-7.04765040503779,4,4,http://maps.google.com/?q=Plaza+Hotel+Semarang
293,INNSIDE by Melia Yogyakarta,110.4316149,-7.766981400000001,4,2,http://maps.google.com/?q=INNSIDE+by+Melia+Yogyakarta
294,Melia Purosani Yogyakarta,110.368786,-7.797229,4,2,http://maps.google.com/?q=Melia+Purosani+Yogyakarta
295,The Alana Hotel & Conference Center Malioboro Yogyakarta by ASTON,110.36539,-7.81465,4,2,http://maps.google.com/?q=The+Alana+Hotel+&+Conference+Center+Malioboro+Yogyakarta+by+ASTON
296,The Alana Yogyakarta Hotel & Convention Center,110.377259,-7.739352,4,2,http://maps.google.com/?q=The+Alana+Yogyakarta+Hotel+&+Convention+Center
297,Yogyakarta Marriott Hotel,110.39822458369964,-7.761495867607936,4,2,http://maps.google.com/?q=Yogyakarta+Marriott+Hotel
298,Hyatt Regency Yogyakarta,110.373909473419,-7.74094043204933,4,2,http://maps.google.com/?q=Hyatt+Regency+Yogyakarta
299,Sheraton Mustika Yogyakarta Resort & Spa,110.428075,-7.781744,4,2,http://maps.google.com/?q=Sheraton+Mustika+Yogyakarta+Resort+&+Spa
300,ARTOTEL Suites Bianti Yogyakarta,110.3818613,-7.7828827,4,2,http://maps.google.com/?q=ARTOTEL+Suites+Bianti+Yogyakarta
301,Royal Ambarrukmo Yogyakarta,110.40316773016356,-7.782973251012492,4,2,http://maps.google.com/?q=Royal+Ambarrukmo+Yogyakarta
302,Hotel Dafam Fortuna Seturan,110.410881,-7.76561,4,2,http://maps.google.com/?q=Hotel+Dafam+Fortuna+Seturan
303,eL Hotel Royale Yogyakarta Malioboro,110.36499779999995,-7.7937449,4,2,http://maps.google.com/?q=eL+Hotel+Royale+Yogyakarta+Malioboro
304,Grand Mercure Yogyakarta Adi Sucipto,110.392004,-7.783458,4,2,http://maps.google.com/?q=Grand+Mercure+Yogyakarta+Adi+Sucipto
305,The Rich Jogja Hotel,110.36108874603268,-7.752580999999978,4,2,http://maps.google.com/?q=The+Rich+Jogja+Hotel
306,Grand Diamond Hotel Yogyakarta,110.423852,-7.782487,4,2,http://maps.google.com/?q=Grand+Diamond+Hotel+Yogyakarta
307,Malyabhara Hotel,110.3661721,-7.7934831,4,2,http://maps.google.com/?q=Malyabhara+Hotel
308,Lafayette Boutique Hotel,110.387459,-7.759281,4,2,http://maps.google.com/?q=Lafayette+Boutique+Hotel
309,Indoluxe Hotel Jogjakarta,110.371717,-7.750694,4,2,http://maps.google.com/?q=Indoluxe+Hotel+Jogjakarta
310,Next Hotel Yogyakarta,110.418641,-7.780946799999998,4,2,http://maps.google.com/?q=Next+Hotel+Yogyakarta
311,favehotel Kusumanegara,110.38823737116392,-7.801641892773746,4,2,http://maps.google.com/?q=favehotel+Kusumanegara
312,Harper Malioboro Yogyakarta by ASTON,110.367112,-7.784741,4,2,http://maps.google.com/?q=Harper+Malioboro+Yogyakarta+by+ASTON
313,Prime Plaza Hotel Jogjakarta,110.389047861099,-7.77732899907829,4,2,http://maps.google.com/?q=Prime+Plaza+Hotel+Jogjakarta
314,Yellow Star Ambarukmo Hotel,110.39758899999993,-7.783328000000002,4,2,http://maps.google.com/?q=Yellow+Star+Ambarukmo+Hotel
315,Yellow Star Gejayan Hotel,110.389811,-7.77139,4,2,http://maps.google.com/?q=Yellow+Star+Gejayan+Hotel
316,The Jayakarta Yogyakarta Hotel & Spa,110.419667959213,-7.78345457624549,4,2,http://maps.google.com/?q=The+Jayakarta+Yogyakarta+Hotel+&+Spa
317,Grand Kangen Hotel Urip Sumoharjo Yogyakarta,110.3869588,-7.7831141,4,2,http://maps.google.com/?q=Grand+Kangen+Hotel+Urip+Sumoharjo+Yogyakarta
318,Patra Malioboro Hotel,110.3637213,-7.7917305,4,2,http://maps.google.com/?q=Patra+Malioboro+Hotel
319,Grand Keisha Yogyakarta,110.3955307,-7.7592676,4,2,http://maps.google.com/?q=Grand+Keisha+Yogyakarta
320,KJ Hotel Yogyakarta,110.36712925606685,-7.822790903967212,4,2,http://maps.google.com/?q=KJ+Hotel+Yogyakarta
321,Abadi Hotel Malioboro Yogyakarta by Tritama Hospitality,110.363202,-7.790326,4,2,http://maps.google.com/?q=Abadi+Hotel+Malioboro+Yogyakarta+by+Tritama+Hospitality
322,All Nite & Day Hotel Yogyakarta - Gejayan,110.3879623,-7.7802114,4,2,http://maps.google.com/?q=All+Nite+&+Day+Hotel+Yogyakarta+-+Gejayan
323,Grand Rohan Jogja,110.4051346,-7.7983109,4,2,http://maps.google.com/?q=Grand+Rohan+Jogja
324,The Manohara Hotel Yogyakarta,110.3890945,-7.7745054,4,2,http://maps.google.com/?q=The+Manohara+Hotel+Yogyakarta
325,ibis Yogyakarta Adi Sucipto,110.392004,-7.783458,4,2,http://maps.google.com/?q=ibis+Yogyakarta+Adi+Sucipto
326,Sagan Heritage Hotel,110.376335144043,-7.77997875213623,4,2,http://maps.google.com/?q=Sagan+Heritage+Hotel
327,Aveon Hotel Yogyakarta by Daphna International,110.42244237485149,-7.764005845725988,4,2,http://maps.google.com/?q=Aveon+Hotel+Yogyakarta+by+Daphna+International
328,h Boutique Hotel Jogjakarta,110.3791264,-7.782771599,4,2,http://maps.google.com/?q=h+Boutique+Hotel+Jogjakarta
329,Grand Sarila Hotel Yogyakarta,110.39588570638443,-7.759019235289791,4,2,http://maps.google.com/?q=Grand+Sarila+Hotel+Yogyakarta
330,Student Castle Apartment HD,110.40791000054412,-7.773638441955473,4,2,http://maps.google.com/?q=Student+Castle+Apartment+HD
331,Horison Lynn Yogyakarta,110.366831,-7.82459,4,2,http://maps.google.com/?q=Horison+Lynn+Yogyakarta
332,D'Salvatore Art & Boutique Hotel,110.425674,-7.783593,4,2,http://maps.google.com/?q=D'Salvatore+Art+&+Boutique+Hotel
333,The Alana Hotel and Convention Center - Solo by ASTON,110.7747,-7.5452,4,6,http://maps.google.com/?q=The+Alana+Hotel+and+Convention+Center+-+Solo+by+ASTON
334,Swiss-Belhotel Solo,110.822329,-7.553042,4,6,http://maps.google.com/?q=Swiss-Belhotel+Solo
335,Syariah Hotel Solo,110.765821,-7.544485,4,6,http://maps.google.com/?q=Syariah+Hotel+Solo
336,Grand Mercure Solo Baru,110.815348,-7.597278,4,6,http://maps.google.com/?q=Grand+Mercure+Solo+Baru
337,POP! Hotel Solo,110.79884,-7.56289,4,6,http://maps.google.com/?q=POP!+Hotel+Solo
338,favehotel Solo Baru,110.81406917,-7.599578,4,6,http://maps.google.com/?q=favehotel+Solo+Baru
339,favehotel Manahan - Solo,110.79526869999997,-7.5519962,4,6,http://maps.google.com/?q=favehotel+Manahan+-+Solo
340,Al Azhar Azhima Hotel Resort & Convention,110.754826,-7.522577,4,6,http://maps.google.com/?q=Al+Azhar+Azhima+Hotel+Resort+&+Convention
341,MAHALAYA The Legacy Hotel,110.8242962,-7.561771100000001,5,6,http://maps.google.com/?q=MAHALAYA+The+Legacy+Hotel
342,Grand Orchid Hotel Solo,110.81757,-7.567118,4,6,http://maps.google.com/?q=Grand+Orchid+Hotel+Solo
343,LOA Living Solo Baru,110.8154369,-7.601889100000002,4,6,http://maps.google.com/?q=LOA+Living+Solo+Baru
344,The Amrani Syariah Hotel,110.789448,-7.560096,4,6,http://maps.google.com/?q=The+Amrani+Syariah+Hotel
345,Hotel Tosan Solo Baru,110.81222739999998,-7.606838900000001,4,6,http://maps.google.com/?q=Hotel+Tosan+Solo+Baru
346,Twin Star Hotel Solo,110.823377966881,-7.56013662728808,4,6,http://maps.google.com/?q=Twin+Star+Hotel+Solo
347,Diamond Hotel,110.803163,-7.563902,4,6,http://maps.google.com/?q=Diamond+Hotel
348,Fivecord Hotel Solo,110.8431916,-7.559495099999999,4,6,http://maps.google.com/?q=Fivecord+Hotel+Solo
349,The Margangsa Hotel,110.81619877546314,-7.570850541649903,4,6,http://maps.google.com/?q=The+Margangsa+Hotel
350,Indah Palace Solo,110.8092305,-7.5785695,4,6,http://maps.google.com/?q=Indah+Palace+Solo
351,Front One Cabin Slamet Riyadi,110.823262,-7.570507,4,6,http://maps.google.com/?q=Front+One+Cabin+Slamet+Riyadi
352,Assalaam Syariah Hotel Solo,110.769865,-7.5538,4,6,http://maps.google.com/?q=Assalaam+Syariah+Hotel+Solo
353,Hotel Bintang Solo,110.855065,-7.5644,4,6,http://maps.google.com/?q=Hotel+Bintang+Solo
354,Hotel Sahid Jaya Solo,110.818992,-7.564168,4,6,http://maps.google.com/?q=Hotel+Sahid+Jaya+Solo
355,Malioboro Inn Solo,110.797315,-7.569887,4,6,http://maps.google.com/?q=Malioboro+Inn+Solo
356,Griya Surya Solo Guesthouse,110.816484,-7.593605,4,6,http://maps.google.com/?q=Griya+Surya+Solo+Guesthouse
357,D'paragon Kerten,110.79241092034133,-7.552047576829574,4,6,http://maps.google.com/?q=D'paragon+Kerten
358,Hotel Grand Setia Kawan,110.815372,-7.549783,4,6,http://maps.google.com/?q=Hotel+Grand+Setia+Kawan
359,Luxury Inn Guest House,110.7849928,-7.5574122,4,6,http://maps.google.com/?q=Luxury+Inn+Guest+House
360,Griya Tenera Syariah,110.834282,-7.561916,4,6,http://maps.google.com/?q=Griya+Tenera+Syariah
361,Tunjungan Hotel Surabaya,112.740325927734,-7.26209017099095,4,5,http://maps.google.com/?q=Tunjungan+Hotel+Surabaya
362,Grand Darmo Suite by AMITHYA,112.7409882209015,-7.291799011074431,4,5,http://maps.google.com/?q=Grand+Darmo+Suite+by+AMITHYA
363,The Alana Surabaya,112.73163557,-7.31861569,4,5,http://maps.google.com/?q=The+Alana+Surabaya
364,Four Points by Sheraton Surabaya,112.73892,-7.261012,5,5,http://maps.google.com/?q=Four+Points+by+Sheraton+Surabaya
365,Midtown Residence Marvell City Surabaya,112.74541640000008,-7.2889754,4,5,http://maps.google.com/?q=Midtown+Residence+Marvell+City+Surabaya
366,Vasa Hotel Surabaya,112.69888160000004,-7.286153700000001,4,5,http://maps.google.com/?q=Vasa+Hotel+Surabaya
367,Sheraton Surabaya Hotel and Towers,112.738317,-7.2626,4,5,http://maps.google.com/?q=Sheraton+Surabaya+Hotel+and+Towers
368,Premier Place Surabaya Airport,112.738925,-7.379298,4,5,http://maps.google.com/?q=Premier+Place+Surabaya+Airport
369,Shangri-La Surabaya,112.7157,-7.2896,4,5,http://maps.google.com/?q=Shangri-La+Surabaya
370,Garden Palace Hotel Powered by Archipelago,112.74650169999995,-7.2638339,4,5,http://maps.google.com/?q=Garden+Palace+Hotel+Powered+by+Archipelago
371,HARRIS Hotel & Conventions Gubeng,112.7493688650818,-7.272543067789512,4,5,http://maps.google.com/?q=HARRIS+Hotel+&+Conventions+Gubeng
372,JW Marriott Hotel Surabaya,112.73484408092042,-7.25965866303062,4,5,http://maps.google.com/?q=JW+Marriott+Hotel+Surabaya
373,Hotel Ciputra World Surabaya managed by Swiss-Belhotel International,112.72389850000002,-7.292203900000001,4,5,http://maps.google.com/?q=Hotel+Ciputra+World+Surabaya+managed+by+Swiss-Belhotel+International
374,Primebiz Hotel Surabaya,112.72245399999996,-7.329400999999998,4,5,http://maps.google.com/?q=Primebiz+Hotel+Surabaya
375,The Life Styles Hotel Surabaya,112.751004,-7.267114,4,5,http://maps.google.com/?q=The+Life+Styles+Hotel+Surabaya
376,Grand Dafam Signature Surabaya,112.74940749999996,-7.266701,4,5,http://maps.google.com/?q=Grand+Dafam+Signature+Surabaya
377,Swiss-Belinn Airport Surabaya,112.74233099999992,-7.380285,4,5,http://maps.google.com/?q=Swiss-Belinn+Airport+Surabaya
378,Holiday Inn Express SURABAYA CENTERPOINT,112.730666,-7.263879,4,5,http://maps.google.com/?q=Holiday+Inn+Express+SURABAYA+CENTERPOINT
379,Bekizaar Hotel Surabaya,112.741243,-7.2636,4,5,http://maps.google.com/?q=Bekizaar+Hotel+Surabaya
380,Royal Tulip Darmo Surabaya,112.7382145,-7.286353999999999,4,5,http://maps.google.com/?q=Royal+Tulip+Darmo+Surabaya
381,Alimar Premier Hotel,112.781738,-7.271114,4,5,http://maps.google.com/?q=Alimar+Premier+Hotel
382,Hotel Aria Centra Surabaya,112.74367329999995,-7.267606799999999,4,5,http://maps.google.com/?q=Hotel+Aria+Centra+Surabaya
383,Swiss-Belinn Manyar Surabaya,112.770375,-7.28075,4,5,http://maps.google.com/?q=Swiss-Belinn+Manyar+Surabaya
384,Surabaya Suites Hotel Powered by Archipelago,112.748466432095,-7.26367860198551,4,5,http://maps.google.com/?q=Surabaya+Suites+Hotel+Powered+by+Archipelago
385,HARRIS Hotel & Conventions Bundaran Satelit Surabaya,112.702544,-7.286392,4,5,http://maps.google.com/?q=HARRIS+Hotel+&+Conventions+Bundaran+Satelit+Surabaya
386,Neo+ Waru Sidoarjo by ASTON,112.72902269999996,-7.359070200000001,4,5,http://maps.google.com/?q=Neo++Waru+Sidoarjo+by+ASTON
387,Hotel Gunawangsa MERR,112.78154821593851,-7.311311225578559,4,5,http://maps.google.com/?q=Hotel+Gunawangsa+MERR
388,ibis Budget Surabaya Airport,112.794022,-7.375076,4,5,http://maps.google.com/?q=ibis+Budget+Surabaya+Airport
389,POP! Hotel Stasiun Kota Surabaya,112.742412,-7.2411942,4,5,http://maps.google.com/?q=POP!+Hotel+Stasiun+Kota+Surabaya
390,POP! Hotel Diponegoro Surabaya,112.737128,-7.293074,4,5,http://maps.google.com/?q=POP!+Hotel+Diponegoro+Surabaya
391,Zest Hotel Jemursari,112.75766240000009,-7.3118308,4,5,http://maps.google.com/?q=Zest+Hotel+Jemursari
392,Hotel 88 Embong Malang,112.7336,-7.258329,4,5,http://maps.google.com/?q=Hotel+88+Embong+Malang
393,Hotel 88 Embong Kenongo (Kayoon),112.746429,-7.26569,4,5,http://maps.google.com/?q=Hotel+88+Embong+Kenongo+(Kayoon)
394,Prime Royal Boutique Hotel Surabaya,112.729788,-7.256423,4,5,http://maps.google.com/?q=Prime+Royal+Boutique+Hotel+Surabaya
395,Hotel 88 Kedungsari (Kedungdoro),112.73152124136686,-7.266139727700091,4,5,http://maps.google.com/?q=Hotel+88+Kedungsari+(Kedungdoro)
396,Amaris Hotel Embong Malang,112.733392,-7.25882,4,5,http://maps.google.com/?q=Amaris+Hotel+Embong+Malang
397,The Life Hotels Surabaya City Center,112.74972461534423,-7.2536588984167825,4,5,http://maps.google.com/?q=The+Life+Hotels+Surabaya+City+Center
398,Amaris Hotel Margorejo Surabaya,112.74937595228003,-7.317315063615441,4,5,http://maps.google.com/?q=Amaris+Hotel+Margorejo+Surabaya
399,Goldvitel Hotel Surabaya,112.7421671,-7.272566100000001,4,5,http://maps.google.com/?q=Goldvitel+Hotel+Surabaya
400,ZOOM Dharmahusada Hotel,112.773186,-7.268642,4,5,http://maps.google.com/?q=ZOOM+Dharmahusada+Hotel
401,Amaris Hotel Darmo - Surabaya,112.73735001683237,-7.286296504777578,4,5,http://maps.google.com/?q=Amaris+Hotel+Darmo+-+Surabaya
402,Grand Inna Tunjungan,112.741517,-7.262513,4,5,http://maps.google.com/?q=Grand+Inna+Tunjungan
403,Hotel Dafam Pacific Caesar Surabaya,112.7827949,-7.253993599999999,4,5,http://maps.google.com/?q=Hotel+Dafam+Pacific+Caesar+Surabaya
404,Sumi Hotel Surabaya,112.70935714244844,-7.28872291949069,4,5,http://maps.google.com/?q=Sumi+Hotel+Surabaya
405,MaxOneHotels.com @ Dharmahusada - Surabaya,112.771152,-7.267384,4,5,http://maps.google.com/?q=MaxOneHotels.com+@+Dharmahusada+-+Surabaya
406,Yello Hotel Jemursari,112.7540904,-7.3155923,4,5,http://maps.google.com/?q=Yello+Hotel+Jemursari
407,D'Carol Hotel Surabaya,112.73002,-7.247072199999998,4,5,http://maps.google.com/?q=D'Carol+Hotel+Surabaya
408,Life Hotel Sudirman Surabaya,112.742343,-7.272176,4,5,http://maps.google.com/?q=Life+Hotel+Sudirman+Surabaya
409,Novotel Surabaya Hotel &amp; Suites,112.742909,-7.296002,4,5,http://maps.google.com/?q=Novotel+Surabaya+Hotel+&amp;+Suites
410,La Lisa Hotel Surabaya,112.761975,-7.305143,4,5,http://maps.google.com/?q=La+Lisa+Hotel+Surabaya
411,BATIQA Hotel Darmo - Surabaya,112.74061732817232,-7.294285813472827,4,5,http://maps.google.com/?q=BATIQA+Hotel+Darmo+-+Surabaya
412,Halogen Hotel Airport Surabaya,112.761063,-7.371703,4,5,http://maps.google.com/?q=Halogen+Hotel+Airport+Surabaya
413,Arimbi Pejaten Suites,106.826923,-6.277947,4,1,http://maps.google.com/?q=Arimbi+Pejaten+Suites
414,The St. Regis Jakarta,106.827499,-6.206046,5,1,http://maps.google.com/?q=The+St.+Regis+Jakarta
415,Ashley Tang Menteng,106.82463213801384,-6.185000808605861,4,1,http://maps.google.com/?q=Ashley+Tang+Menteng
416,Hariston Hotel & Suites,106.787725,-6.137193,4,1,http://maps.google.com/?q=Hariston+Hotel+&+Suites
417,Ashley Tanah Abang,106.81736481779473,-6.186250433648075,4,1,http://maps.google.com/?q=Ashley+Tanah+Abang
418,Aloft Jakarta Wahid Hasyim,106.827273,-6.186723,4,1,http://maps.google.com/?q=Aloft+Jakarta+Wahid+Hasyim
419,Mandarin Oriental Jakarta,106.82364080000002,-6.1961069,4,1,http://maps.google.com/?q=Mandarin+Oriental+Jakarta
420,Swiss-Belinn Kemayoran,106.850211,-6.1493974,4,1,http://maps.google.com/?q=Swiss-Belinn+Kemayoran
421,Grand Tjokro Jakarta,106.78167,-6.165725,4,1,http://maps.google.com/?q=Grand+Tjokro+Jakarta
422,Easton Park Apartment Jatinangor by Diajeng,107.76518599999996,-6.9364236,4,3,http://maps.google.com/?q=Easton+Park+Apartment+Jatinangor+by+Diajeng
423,Dago Heuvel Resort and Villa,107.6436917908768,-6.859359176017268,4,3,http://maps.google.com/?q=Dago+Heuvel+Resort+and+Villa
424,Swiss-Belresort Dago Heritage Bandung,107.6252879,-6.8669056,4,3,http://maps.google.com/?q=Swiss-Belresort+Dago+Heritage+Bandung
425,Grandia Hotel Bandung,107.604483,-6.900855,4,3,http://maps.google.com/?q=Grandia+Hotel+Bandung
426,V Hotel & Residence,107.584433,-6.881761,4,3,http://maps.google.com/?q=V+Hotel+&+Residence
427,d'primahotel Bandung,107.596367,-6.886018,4,3,http://maps.google.com/?q=d'primahotel+Bandung
428,Hotel Dafam Rio,107.62925259768964,-6.914218513250424,4,3,http://maps.google.com/?q=Hotel+Dafam+Rio
429,Saka Hotel Medan,98.626657,3.588622,4,9,http://maps.google.com/?q=Saka+Hotel+Medan
430,OYO 873 Kamani Homestay Syariah,98.62827629999992,3.571947,4,9,http://maps.google.com/?q=OYO+873+Kamani+Homestay+Syariah
431,Arabia Hotel,95.32019420000006,5.557784499999999,4,10,http://maps.google.com/?q=Arabia+Hotel
432,Ayani Hotel Banda Aceh,95.319169,5.556965,4,10,http://maps.google.com/?q=Ayani+Hotel+Banda+Aceh
433,MyHome Hotel Aceh,95.3202692,5.556309799999999,4,10,http://maps.google.com/?q=MyHome+Hotel+Aceh
434,HW Hotel Padang,100.355494022369,-0.958362233906709,4,11,http://maps.google.com/?q=HW+Hotel+Padang
435,OYO 3092 Falah Residence Syariah,100.39740679449484,-0.9464238829851408,4,11,http://maps.google.com/?q=OYO+3092+Falah+Residence+Syariah
436,Hotel Savali,100.355162,-0.9573,4,11,http://maps.google.com/?q=Hotel+Savali
437,UNP Hotel & Convention Center,100.3504613,-0.8993410000000001,4,11,http://maps.google.com/?q=UNP+Hotel+&+Convention+Center
438,OYO 4010 Zaara Guest House Syariah,100.3767538,-0.9465224,4,11,http://maps.google.com/?q=OYO+4010+Zaara+Guest+House+Syariah
439,Palanta Roemah Kajoe Syariah,100.38020419999998,-0.9643718999999998,4,11,http://maps.google.com/?q=Palanta+Roemah+Kajoe+Syariah
440,Fafan Budget Hotel Syariah,100.3579389,-0.9157572,4,11,http://maps.google.com/?q=Fafan+Budget+Hotel+Syariah
441,OYO 236 Penginapan Rumah Hijau,104.73578939999992,-2.955325,4,12,http://maps.google.com/?q=OYO+236+Penginapan+Rumah+Hijau
442,Bina Darma Hotel Palembang,104.7727545,-2.997658,4,12,http://maps.google.com/?q=Bina+Darma+Hotel+Palembang
443,Radial Mas,104.7486192005249,-2.9814977980487085,4,12,http://maps.google.com/?q=Radial+Mas
444,THE 1O1 Bogor Suryakancana,106.80296003635408,-6.607528257682807,4,7,http://maps.google.com/?q=THE+1O1+Bogor+Suryakancana
445,Swiss-Belcourt Bogor,106.7819359,-6.5535235,4,7,http://maps.google.com/?q=Swiss-Belcourt+Bogor
446,The Highland Park Resort Bogor,106.729335,-6.658037,4,7,http://maps.google.com/?q=The+Highland+Park+Resort+Bogor
447,Izi Hotel,106.8127867962952,-6.60548629470116,4,7,http://maps.google.com/?q=Izi+Hotel
448,Lido Lake Resort by MNC Hotel,106.80795,-6.7448904,4,7,http://maps.google.com/?q=Lido+Lake+Resort+by+MNC+Hotel
449,Royal Hotel Bogor,106.795768737793,-6.60375499725342,4,7,http://maps.google.com/?q=Royal+Hotel+Bogor
450,Hotel Permata Bogor,106.80504772883604,-6.597454966707796,4,7,http://maps.google.com/?q=Hotel+Permata+Bogor
451,CICO Resort (Cottage & Convention),106.83264,-6.590313,4,7,http://maps.google.com/?q=CICO+Resort+(Cottage+&+Convention)
452,Polaz  Bed & Brew,106.816714,-6.581343,4,7,http://maps.google.com/?q=Polaz++Bed+&+Brew
453,Metro Park View Hotel,110.4232794,-6.971200199999999,4,4,http://maps.google.com/?q=Metro+Park+View+Hotel
454,Wimarion Hotel Semarang,110.41825745254756,-7.007911018174739,4,4,http://maps.google.com/?q=Wimarion+Hotel+Semarang
455,Hotel Dafam Semarang,110.411366,-6.979482,4,4,http://maps.google.com/?q=Hotel+Dafam+Semarang
456,Grand Panorama Hotel,110.39090657867094,-7.204250616736443,4,4,http://maps.google.com/?q=Grand+Panorama+Hotel
457,Terra Cassa Hotel,110.366437,-7.223311,4,4,http://maps.google.com/?q=Terra+Cassa+Hotel
458,PORTA by The Ambarrukmo,110.381978,-7.776703200000001,4,2,http://maps.google.com/?q=PORTA+by+The+Ambarrukmo
459,"KIMAYA Sudirman Yogyakarta, By HARRIS",110.3777969,-7.782718699999998,4,2,"http://maps.google.com/?q=KIMAYA+Sudirman+Yogyakarta,+By+HARRIS"
460,Sahid Raya Hotel & Convention Yogyakarta,110.414337,-7.779828,4,2,http://maps.google.com/?q=Sahid+Raya+Hotel+&+Convention+Yogyakarta
461,Greenhost Boutique Hotel,110.369119,-7.820081,4,2,http://maps.google.com/?q=Greenhost+Boutique+Hotel
462,Bohemian Jogja Villas With Private Pool,110.3591851,-7.7574578,4,2,http://maps.google.com/?q=Bohemian+Jogja+Villas+With+Private+Pool
463,Horison Ultima Riss Malioboro Yogyakarta,110.364412,-7.788017,4,2,http://maps.google.com/?q=Horison+Ultima+Riss+Malioboro+Yogyakarta
464,@HOM Premiere Timoho,110.39245589999996,-7.798514499999999,4,2,http://maps.google.com/?q=@HOM+Premiere+Timoho
465,favehotel Malioboro - Yogyakarta,110.369769,-7.785702,4,2,http://maps.google.com/?q=favehotel+Malioboro+-+Yogyakarta
466,Grand Amira Hotel Solo by Azana,110.828134,-7.584146,4,6,http://maps.google.com/?q=Grand+Amira+Hotel+Solo+by+Azana
467,Mandala Wisata Hotel,110.798539,-7.564658,4,6,http://maps.google.com/?q=Mandala+Wisata+Hotel
468,Kusuma Sahid Prince Hotel,110.826846,-7.566944,4,6,http://maps.google.com/?q=Kusuma+Sahid+Prince+Hotel
469,Best Western Papilio Hotel,112.72998329999996,-7.331106199999998,4,5,http://maps.google.com/?q=Best+Western+Papilio+Hotel
470,MIRA inn Kayoon Surabaya City Center,112.74839799999997,-7.268157000000002,4,5,http://maps.google.com/?q=MIRA+inn+Kayoon+Surabaya+City+Center
471,Hotel Majapahit Surabaya - MGallery,112.740077,-7.259726,4,5,http://maps.google.com/?q=Hotel+Majapahit+Surabaya+-+MGallery
