city,name,displayName,region,longitude,latitude,userRating
Jakarta,The Sultan Hotel & Residence Jakarta,The Sultan Hotel Jakarta,"Senayan, Jakarta",106.809331,-6.216947,4
Jakarta,Aryaduta Suite Semanggi,Aryaduta Suite Semanggi,"Karet Semanggi, Jakarta",106.81611743684005,-6.219991301063097,4
Jakarta,Aloft South Jakarta,Aloft South Jakarta,"Cilandak Timur, Jakarta",106.8162942,-6.291784031,4
Jakarta,"The Langham, Jakarta","The Langham, Jakarta","Senayan, Jakarta",106.8063958,-6.227097,4
Jakarta,"Hotel Mulia Senayan, Jakarta","Hotel Mulia Senayan, Jakarta","Senayan, Jakarta",106.797045,-6.215131,4
Jakarta,ASTON Priority Simatupang & Conference Center,ASTON Priority Simatupang & Conference Center,"Kebagusan, Jakarta",106.834503,-6.301503,4
Jakarta,Merlynn Park Hotel,Merlynn Park Hotel,"Petojo Utara, Jakarta",106.815414,-6.165894,4
Jakarta,Ascott Sudirman Jakarta,Ascott Sudirman Jakarta,"Karet Semanggi, Jakarta",106.81968129999996,-6.2215855,4
Jakarta,"The Hermitage, a Tribute Portfolio Hotel, Jakarta","The Hermitage, a Tribute Portfolio Hotel, Jakarta","Menteng, Jakarta",106.838031,-6.198188,4
Jakarta,Mercure Convention Center Ancol,Mercure Convention Center Ancol - CHSE Certified,"Ancol, Jakarta",106.836323,-6.122196,4
Jakarta,Hotel Borobudur Jakarta,Hotel Borobudur Jakarta,"Pasar Baru, Jakarta",106.83579,-6.172478,4
Jakarta,Discovery Ancol,Discovery Ancol,"Ancol, Jakarta",106.830982,-6.125865,4
Jakarta,Yuan Garden Pasar Baru,Yuan Garden Pasar Baru,"Pasar Baru, Jakarta",106.83275252580644,-6.163203600688937,4
Jakarta,Hotel Menara Peninsula,Menara Peninsula Hotel Jakarta,"Slipi, Jakarta",106.797909,-6.189983,4
Jakarta,"The Ritz-Carlton Jakarta, Pacific Place Hotel","The Ritz-Carlton Jakarta, Pacific Place Hotel","Senayan, Jakarta",106.809681,-6.223285,4
Jakarta,Grand Hyatt Jakarta,Grand Hyatt Jakarta,"Thamrin, Jakarta",106.82246199999996,-6.192628300000001,4
Jakarta,Century Park Hotel,Century Park Hotel,"Senayan, Jakarta",106.8029623920654,-6.223261201271582,4
Jakarta,Best Western Premier The Hive,Best Western Premier The Hive,"Cawang, Jakarta",106.875336,-6.245033,4
Jakarta,Hotel Ciputra Jakarta managed by Swiss-Belhotel International,Hotel Ciputra Jakarta managed by Swiss-Belhotel International,"Tanjung Duren, Jakarta",106.786498,-6.168121,4
Jakarta,DoubleTree by Hilton Jakarta - Diponegoro,DoubleTree by Hilton Jakarta - Diponegoro,"Cikini, Jakarta",106.843069,-6.198831,4
Jakarta,Sheraton Grand Jakarta Gandaria City Hotel,Sheraton Grand Jakarta Gandaria City Hotel,"Kebayoran Lama Utara, Jakarta",106.7830351,-6.2452633,4
Jakarta,Millennium Hotel Sirih Jakarta,Millennium Hotel Sirih Jakarta,"Tanah Abang, Jakarta",106.81670638161472,-6.182667002467954,4
Jakarta,Teraskita Hotel Jakarta managed by Dafam,Teraskita Hotel Jakarta managed by Dafam,"Cawang, Jakarta",106.87465,-6.245687,4
Jakarta,Lumire Hotel & Convention Center,Lumire Hotel & Convention Center,"Senen, Jakarta",106.84034395092624,-6.1759450247056895,4
Jakarta,Royal Kuningan Hotel,Royal Kuningan Hotel,"Rasuna Said, Jakarta",106.830269,-6.206681,4
Jakarta,Pullman Jakarta Central Park,Pullman Jakarta Central Park,"Tanjung Duren, Jakarta",106.790028,-6.17646,4
Jakarta,Manhattan Hotel Jakarta,Manhattan Hotel Jakarta,"Rasuna Said, Jakarta",106.83132114484404,-6.225193013149259,4
Jakarta,Swiss-Belinn Simatupang Jakarta,Swiss-Belinn Simatupang Jakarta,"Lebak Bulus, Jakarta",106.779478,-6.291379,4
Jakarta,InterContinental Hotels JAKARTA PONDOK INDAH,InterContinental Hotels JAKARTA PONDOK INDAH,"Pondok Indah, Jakarta",106.782179,-6.264619,4
Jakarta,Grand Tropic Suites Hotel,Grand Tropic Suites Hotel,"Tanjung Duren, Jakarta",106.7876258,-6.171492499999999,4
Jakarta,Le Meridien Jakarta,Le Meridien Jakarta,"Sudirman, Jakarta",106.81866790000004,-6.2133933,4
Jakarta,Gran Melia Jakarta,Gran Melia Jakarta,"Kuningan, Jakarta",106.83007767857362,-6.2345030560441215,4
Jakarta,Swiss-Belhotel Pondok Indah,Swiss-Belhotel Pondok Indah,"Pondok Indah, Jakarta",106.779704,-6.28759,4
Jakarta,Holiday Inn Express JAKARTA PLUIT CITYGATE,Holiday Inn Express JAKARTA PLUIT CITYGATE,"Pluit, Jakarta",106.79044,-6.127151,4
Jakarta,Hotel Santika Premiere Slipi Jakarta,Hotel Santika Premiere Slipi Jakarta,"Slipi, Jakarta",106.802312,-6.198277,4
Jakarta,Fairmont Jakarta,Fairmont Jakarta,"Senayan, Jakarta",106.798688,-6.221751,4
Jakarta,Redtop Hotel & Convention Center,Redtop Hotel & Convention Center,"Pecenongan, Jakarta",106.82683223677066,-6.163276663123464,4
Jakarta,Grand Whiz Poins Simatupang Jakarta,Grand Whiz Poins Simatupang Jakarta,"Lebak Bulus, Jakarta",106.77765899999996,-6.289882,4
Jakarta,Ambhara Hotel,Ambhara Hotel,"Melawai, Jakarta",106.8034194,-6.243213889,4
Jakarta,ASTON Pluit Hotel & Residence,ASTON Pluit Hotel & Residence,"Pluit, Jakarta",106.795115,-6.12443,4
Jakarta,Hotel Gren Alia Jakarta,Hotel Gren Alia Jakarta,"Senen, Jakarta",106.838203,-6.180881,4
Jakarta,Holiday Inn Express JAKARTA WAHID HASYIM,Holiday Inn Express JAKARTA WAHID HASYIM,"Kebon Kacang, Jakarta",106.821936,-6.187198,4
Jakarta,ibis Styles Jakarta Airport,ibis Styles Jakarta Airport,"Benda, Jakarta",106.683062,-6.115917,4
Jakarta,Sentral Cawang Hotel,Sentral Cawang Hotel,"Cawang, Jakarta",106.872668,-6.246891999999999,4
Jakarta,Harris Vertu Hotel Harmoni,Harris Vertu Hotel Harmoni,"Harmoni, Jakarta",106.820607,-6.164290999999999,4
Jakarta,Grand Dafam Ancol Jakarta,Grand Dafam Ancol Jakarta,"Ancol, Jakarta",106.829628,-6.1297622,4
Jakarta,Harris Tebet Jakarta,Harris Tebet Jakarta,"Manggarai Selatan, Jakarta",106.848124,-6.222914,4
Jakarta,Swiss-Belresidences Kalibata,Swiss-Belresidences Kalibata,"Kalibata, Jakarta",106.855782,-6.255345,4
Jakarta,Grand Mercure Jakarta Kemayoran,Grand Mercure Jakarta Kemayoran,"Gunung Sahari, Jakarta",106.849698,-6.1536,4
Jakarta,"The Ritz-Carlton Jakarta, Mega Kuningan","The Ritz-Carlton Jakarta, Mega Kuningan","Kuningan, Jakarta",106.82717449999996,-6.2285397,4
Jakarta,ASTON Kartika Grogol Hotel & Conference Center,ASTON Kartika Grogol Hotel & Conference Center,"Grogol, Jakarta",106.79213986011882,-6.16686899614645,4
Jakarta,Swiss-Belhotel Airport Jakarta,Swiss-Belhotel Airport Jakarta,"Benda, Jakarta",106.686955,-6.113721,4
Jakarta,Hotel Dharmein,Hotel Dharmein,"Melawai, Jakarta",106.7986681,-6.243422499999999,4
Jakarta,Swiss-Belinn Wahid Hasyim,Swiss-Belinn Wahid Hasyim,"Kebon Kacang, Jakarta",106.8208767,-6.187239399999999,4
Jakarta,Ra Suites Simatupang,Ra Suites Simatupang,"Cilandak Barat, Jakarta",106.7960524,-6.291939699999999,4
Jakarta,Shangri-La Jakarta,Shangri-La Jakarta,"Karet Tengsin, Jakarta",106.818753,-6.202312,4
Jakarta,Grand Mercure Jakarta Harmoni,Grand Mercure Jakarta Harmoni,"Harmoni, Jakarta",106.81966,-6.160168,4
Bandung,eL Hotel Royale Bandung,eL Hotel Royale Bandung,"Merdeka, Bandung",107.6103538,-6.9158591,4
Bandung,Grand Tjokro Premiere Bandung,Grand Tjokro Premiere Bandung,"Cihampelas, Bandung",107.603845,-6.886302,4
Bandung,Four Points by Sheraton Bandung,Four Points by Sheraton Bandung,"Dago, Bandung",107.61215800000002,-6.901574999999999,4
Bandung,Aryaduta Bandung,Aryaduta Bandung,"Merdeka, Bandung",107.611662,-6.907893,4
Bandung,Hilton Bandung,Hilton Bandung,"Pasirkaliki, Bandung",107.597623,-6.912836,4
Bandung,InterContinental Hotels BANDUNG DAGO PAKAR,InterContinental Hotels BANDUNG DAGO PAKAR,"Mekarsaluyu, Bandung",107.641947,-6.86674,4
Bandung,Clove Garden Hotel & Residence,Clove Garden Hotel & Residence,"Dago, Bandung",107.64264427249144,-6.873058413514878,4
Bandung,Moxy Bandung,Moxy Bandung,"Dago, Bandung",107.61191970000004,-6.900311699999999,4
Bandung,ibis Bandung Trans Studio,ibis Bandung Trans Studio,"Buahbatu, Bandung",107.636254,-6.926821,4
Bandung,Apartment Gateway Cicadas by GPro,Apartment Gateway Cicadas by GPro,"Cibeunying, Bandung",107.64497729999994,-6.9069707,3
Bandung,Holiday Inn BANDUNG PASTEUR,Holiday Inn BANDUNG PASTEUR,"Pasteur, Bandung",107.590679,-6.895968,4
Bandung,Kytos Hotel,Kytos Hotel,"Setiabudi, Bandung",107.5932264513176,-6.869466130274049,4
Bandung,Crowne Plaza BANDUNG,Crowne Plaza BANDUNG,"Sumurbandung, Bandung",107.6118,-6.9171,4
Bandung,Apartmen The Suite Metro By Faris Bunbun,Apartmen The Suite Metro By Faris Bunbun,"Batununggal, Bandung",107.65908479690552,-6.939430971070963,4
Bandung,The Papandayan Hotel,The Papandayan,"Lengkong, Bandung",107.62379,-6.923077,4
Bandung,THE 1O1 Bandung Dago,THE 1O1 Bandung Dago,"Dago, Bandung",107.61021099999994,-6.9063411,4
Bandung,GH Universal Hotel,GH Universal Hotel,"Setiabudi, Bandung",107.597998,-6.850522,4
Bandung,The Suites Metro by Desta Faris,The Suites Metro by Desta Faris,"Batununggal, Bandung",107.65921354293825,-6.937950585215877,4
Bandung,Sheraton Bandung Hotel & Towers,Sheraton Bandung Hotel & Towers,"Dago Atas, Bandung",107.61997989999998,-6.874546500000001,4
Bandung,Janévalla Bandung,Janévalla Bandung,"Merdeka, Bandung",107.61186999899996,-6.90974,4
Bandung,Grand Hotel Preanger,Grand Hotel Preanger,"Braga, Bandung",107.611636,-6.920718,4
Bandung,Shakti Hotel Bandung,Shakti Hotel Bandung,"Gedebage, Bandung",107.69711589999996,-6.937308900000001,4
Bandung,The Luxton Bandung,The Luxton Bandung,"Dago, Bandung",107.611357,-6.903839,4
Bandung,Maison Teraskita Bandung,Maison Teraskita Bandung,"Asia Afrika, Bandung",107.6068887,-6.9210901,4
Bandung,Serela Riau by KAGUM Hotels,Serela Riau by KAGUM Hotels,"Jalan Riau, Bandung",107.619476,-6.906403,4
Bandung,Harris Hotel & Conventions Festival Citilink Bandung,Harris Hotel & Conventions Festival Citilink Bandung,"Pasir Koja, Bandung",107.586579,-6.929819,4
Bandung,Horison Ultima Bandung,Horison Ultima Bandung,"Lengkong, Bandung",107.625306,-6.935608,4
Bandung,Atlantic City Hotel,Atlantic City,"Pasirkaliki, Bandung",107.59769817790982,-6.9069168411350725,4
Bandung,Nine Inn by Edotel Dbest,Nine Inn by Edotel Dbest,"Batununggal, Bandung",107.656755266489,-6.93946554350589,4
Bandung,Grand Serela Setiabudhi by KAGUM Hotels,Grand Serela Setiabudhi by KAGUM Hotels,"Setiabudi, Bandung",107.60120919999996,-6.8810402,4
Bandung,"Courtyard by Marriott Bandung Dago, CHSE Certified","Courtyard by Marriott Bandung Dago, CHSE Certified","Dago, Bandung",107.6100776,-6.90421453,4
Bandung,Serela Merdeka by KAGUM Hotels,Serela Merdeka by KAGUM Hotels,"Dago, Bandung",107.6090011,-6.906646200000001,4
Bandung,Amaroossa Bandung,Amaroossa Bandung,"Jalan Riau, Bandung",107.618396,-6.908619,4
Bandung,Banana Inn by KAGUM Hotels,Banana Inn by KAGUM Hotels,"Setiabudi, Bandung",107.59368,-6.866921,4
Bandung,POP! Hotel Festival Citylink - Bandung,POP! Hotel Festival Citylink - Bandung,"Pasir Koja, Bandung",107.585973,-6.929565,4
Bandung,Sensa Hotel Bandung,Sensa Hotel Bandung,"Cihampelas, Bandung",107.6053673,-6.8946953,4
Bandung,ibis Bandung Pasteur,ibis Bandung Pasteur,"Pasteur, Bandung",107.59606,-6.899887,4
Bandung,Mercure Bandung City Centre,Mercure Bandung City Centre,"Asia Afrika, Bandung",107.611619,-6.923887,4
Bandung,Grand Sunshine Resort and Convention,Grand Sunshine Resort and Convention,"Pamekaran, Bandung",107.5286853,-7.0253776,4
Bandung,Serela Waringin by KAGUM Hotels,Serela Waringin by KAGUM Hotels,"Pasirkaliki, Bandung",107.593113183975,-6.91704345484043,4
Bandung,"Sukajadi Hotel, Convention and Gallery","Sukajadi Hotel, Convention and Gallery","Sukajadi, Bandung",107.59695899999996,-6.885653,4
Bandung,De Paviljoen Bandung,De Paviljoen Bandung,"Jalan Riau, Bandung",107.620601,-6.905833,4
Bandung,Cinnamon Hotel Boutique Syariah,Cinnamon Hotel Boutique Syariah,"Setiabudi, Bandung",107.59508,-6.858609,4
Bandung,Zest Hotel Sukajadi Bandung,Zest Hotel Sukajadi Bandung,"Sukajadi, Bandung",107.59748137301632,-6.895187907438221,4
Bandung,Hotel 88 Bandung Kopo,Hotel 88 Bandung Kopo,"Cibaduyut, Bandung",107.586104,-6.951871,4
Bandung,Sari Ater Kamboti Hotel Bandung,Sari Ater Kamboti Hotel Bandung,"Pasteur, Bandung",107.5796914100647,-6.88320499924914,4
Bandung,Kedaton Hotel,Kedaton Hotel,"Sumurbandung, Bandung",107.60793,-6.915518,4
Bandung,Hemangini Hotel Bandung,Hemangini Hotel Bandung,"Setiabudi, Bandung",107.59915678042604,-6.880680125947302,4
Medan,Cambridge Hotel Medan,Cambridge Hotel Medan,"Pusat Kota Medan, Medan",98.66721143187716,3.585092741141504,4
Medan,JW Marriott Hotel Medan,JW Marriott Hotel Medan,"Pusat Kota Medan, Medan",98.675913,3.596374,4
Medan,Horison Sky Kualanamu,Horison Sky Kualanamu,"Beringin, Medan",98.87912,3.635499,4
Medan,Hotel Anaya,Hotel Anaya,"Medan Baru, Medan",98.6653476,3.5763272,3
Medan,Prime Plaza Hotel Kualanamu,Prime Plaza Hotel Kualanamu,"Batang Kuis, Medan",98.83332629999995,3.5993086,4
Medan,Cordex Hotel Medan,Cordex Hotel Medan,"Pusat Kota Medan, Medan",98.67324052532848,3.5948335811100565,4
Medan,Miyanna Hotel,Miyanna Hotel,"Percut Sei Tuan, Medan",98.708543,3.633815,4
Medan,SELECTA HOTEL,SELECTA HOTEL,"Pusat Kota Medan, Medan",98.67732291127253,3.585153996786448,4
Medan,OYO 2361 Hotel Winston,OYO 2361 Hotel Winston,"Tanjung Morawa, Medan",98.80199346011888,3.57905882160592,4
Medan,Grand Kanaya Hotel,Grand Kanaya Hotel,"Medan Petisah, Medan",98.6530408,3.589175499999999,4
Medan,CREW EXPRESS Hotel,CREW EXPRESS Hotel,"Tanjung Morawa, Medan",98.80448649999994,3.5872179,4
Medan,Hotel Antares,Hotel Antares,"Pusat Kota Medan, Medan",98.68833683431149,3.5740013656505103,4
Medan,Swasana Hotel Medan,Swasana Hotel Medan,"Medan Petisah, Medan",98.6648188,3.5932935,4
Medan,Cordela Inn Millenium Medan,Cordela Inn Millenium Medan,"Medan Helvetia, Medan",98.6438714,3.599286400000001,4
Medan,Alpha Inn Medan,Alpha Inn Medan,"Medan Petisah, Medan",98.6677599325776,3.593223642685336,4
Medan,Cordela Hotel Medan,Cordela Hotel Medan,"Pusat Kota Medan, Medan",98.68686090000006,3.596479,4
Medan,Pardede International Hotel Medan,Pardede International Hotel Medan,"Medan Polonia, Medan",98.672321,3.571747,4
Medan,Wisma Sederhana Budget Hotel,Wisma Sederhana Budget Hotel,"Pusat Kota Medan, Medan",98.685209,3.582889,4
Medan,Hotel Menara Lexus,Hotel Menara Lexus,"Medan Maimun, Medan",98.69501160000004,3.5570911,4
Medan,NIVIA HOTEL,NIVIA HOTEL,"Medan Tembung, Medan",98.7336389,3.5970638,4
Medan,Lively Hotel Kualanamu Airport Medan,Lively Hotel Kualanamu Airport Medan,"Batang Kuis, Medan",98.83181109999998,3.5978919,4
Medan,OYO 2345 Homestay Jaya,OYO 2345 Homestay Jaya,"Pusat Kota Medan, Medan",98.6917912571472,3.589357479205492,4
Medan,Hotel Aero,Hotel Aero,"Tanjung Morawa, Medan",98.78496743738653,3.521034879567324,4
Medan,OYO 90565 Wesly House,OYO 90565 Wesly House,"Medan Petisah, Medan",98.6590969,3.5859858,4
Medan,Amaliun Hotel,Amaliun Hotel,"Pusat Kota Medan, Medan",98.689917,3.57627,4
Medan,Odua Golden Mansyur Medan,Odua Golden Mansyur Medan,"Medan Baru, Medan",98.6574948,3.5685339,5
Medan,OYO 90457 Anara Residence & Guest House,OYO 90457 Anara Residence & Guest House,"Medan Helvetia, Medan",98.6274155,3.594359,4
Medan,OYO 1457 Tmj Guest House,OYO 1457 Tmj Guest House,"Pusat Kota Medan, Medan",98.68769928472511,3.596196314853389,4
Medan,Putra Mulia Hotel,Putra Mulia Hotel,"Medan Petisah, Medan",98.654028,3.590277299999999,4
Medan,Alam Hotel by Cordela,Alam Hotel by Cordela,"Medan Area, Medan",98.70336629999996,3.5724663,4
Medan,OYO 2574 Z Suites Hotel,OYO 2574 Z Suites Hotel,"Medan Sunggal, Medan",98.627309,3.578268,4
Medan,OYO 456 Aljadid Guest House Syariah,OYO 456 Aljadid Guest House Syariah,"Pusat Kota Medan, Medan",98.68917970000008,3.5780225,4
Medan,Kanasha Hotel,Kanasha Hotel,"Pusat Kota Medan, Medan",98.68549029999996,3.578569,4
Medan,OYO 1400 Barat Residence Syariah,OYO 1400 Barat Residence Syariah,"Medan Selayang, Medan",98.65020450859834,3.558701226713421,4
Medan,OYO 90447 Kardopa Hotel Megapark,OYO 90447 Kardopa Hotel Megapark,"Medan Petisah, Medan",98.6470068,3.6013783,4
Medan,Huber Apartment,Huber Apartment,"Medan Selayang, Medan",98.64856570959093,3.572132153779516,4
Medan,My Studio Hotel Kualanamu Airport Medan,My Studio Hotel Kualanamu Airport Medan,"Batang Kuis, Medan",98.8317001,3.5980642,4
Medan,OYO 1183 Papakoel,OYO 1183 Papakoel,"Medan Baru, Medan",98.6523907313175,3.5645902074504083,4
Medan,Vivo Stay,Vivo Stay,"Pusat Kota Medan, Medan",98.683954,3.58621,4
Medan,OYO 359 Executive Inn,OYO 359 Executive Inn,"Medan Tembung, Medan",98.70933689999993,3.5979273,4
Denpasar,Adi Pelita Sari,Adi Pelita Sari,"Denpasar Barat, Denpasar",115.21364991485814,-8.666268074565354,4
Banda Aceh,Hermes Palace by BENCOOLEN,Hermes Palace by BENCOOLEN,"Ulee Kareng, Banda Aceh",95.34411439999997,5.556202000000001,4
Banda Aceh,Hip Hope Hotel,Hip Hope Hotel,"Baiturrahman, Banda Aceh",95.31453752247624,5.552951738317781,4
Banda Aceh,Kyriad Hotel Muraya Aceh,Kyriad Hotel Muraya Aceh,"Kuta Alam, Banda Aceh",95.32226879999996,5.5566859,4
Banda Aceh,The Pade Hotel,The Pade Hotel,"Banda Raya, Banda Aceh",95.31675157672112,5.517330657473516,4
Banda Aceh,Hotel Medan Banda Aceh,Hotel Medan Banda Aceh,"Kuta Alam, Banda Aceh",95.3187103,5.557452200000001,4
Banda Aceh,Grand Arabia Hotel,Grand Arabia Hotel,"Meuraksa, Banda Aceh",95.311771,5.549543,4
Banda Aceh,Plum Hotel Lading Banda Aceh,Plum Hotel Lading Banda Aceh,"Baiturrahman, Banda Aceh",95.31722202140372,5.55578016919494,4
Banda Aceh,SPOT ON 2134 Seunia Hotel,SPOT ON 2134 Seunia Hotel,"Syiah Kuala, Banda Aceh",95.35603154776118,5.572784851087732,4
Banda Aceh,Hotel Rasamala,Hotel Rasamala,"Banda Raya, Banda Aceh",95.30800309999997,5.538021,4
Banda Aceh,Hotel Amel & Convention Hall,Hotel Amel & Convention Hall,"Meuraksa, Banda Aceh",95.30230343341827,5.552011712855048,4
Banda Aceh,OYO 854 Ub Caisar Hotel,OYO 854 Ub Caisar Hotel,"Syiah Kuala, Banda Aceh",95.34825,5.576094,4
Banda Aceh,Hotel Mekkah,Hotel Mekkah,"Kuta Alam, Banda Aceh",95.33785439999996,5.5665236,4
Banda Aceh,Kumala Hotel Banda Aceh,Kumala Hotel Banda Aceh,"Ulee Kareng, Banda Aceh",95.3453647,5.551411499999999,4
Banda Aceh,Grand Nanggroe Hotel,Grand Nanggroe Hotel,"Lueng Bata, Banda Aceh",95.34115091534431,5.537159321226633,4
Banda Aceh,Seventeen Hotel,Seventeen Hotel,"Baiturrahman, Banda Aceh",95.30901297926904,5.539688339044584,4
Banda Aceh,Hotel 61 Banda Aceh,Hotel 61 Banda Aceh,"Kuta Alam, Banda Aceh",95.3219,5.556982,4
Banda Aceh,Mita Mulia Hotel,Mita Mulia Hotel,"Syiah Kuala, Banda Aceh",95.36538489999998,5.572208400000001,4
Banda Aceh,Oasis Atjeh Hotel,Oasis Atjeh Hotel,"Lueng Bata, Banda Aceh",95.339259,5.540535,4
Banda Aceh,Al-Hanifi Hotel,Al-Hanifi Hotel,"Kuta Alam, Banda Aceh",95.33480609999992,5.5645256,4
Banda Aceh,Capital O 2018 Ring Road Guest House Syariah,Capital O 2018 Ring Road Guest House Syariah,"Lueng Bata, Banda Aceh",95.33626184907382,5.532286874288471,4
Banda Aceh,My Home Aceh,My Home Aceh,"Kuta Alam, Banda Aceh",95.320059,5.556313,4
Banda Aceh,Capital O 1630 Hotel Syariah Ring Road,Capital O 1630 Hotel Syariah Ring Road,"Lueng Bata, Banda Aceh",95.33055450000006,5.5304327,4
Banda Aceh,Hotel Madinah,Hotel Madinah,"Kuta Alam, Banda Aceh",95.338144,5.563376,3
Banda Aceh,Hozby Family Suites,Hozby Family Suites,"Banda Raya, Banda Aceh",95.3291802067459,5.530114689016338,5
Padang,The ZHM Premiere (d/h Grand Zuri) Padang,The ZHM Premiere (d/h Grand Zuri) Padang,"Padang Selatan, Padang",100.36424346038405,-0.9546921537045492,4
Padang,Truntum Padang Hotel,Truntum Padang Hotel,"Padang Barat, Padang",100.35699605941818,-0.957372972316641,4
Padang,ibis Padang,ibis Padang Hotel,"Padang Utara, Padang",100.362942,-0.929411,4
Padang,Rocky Plaza Hotel Padang,Rocky Plaza Hotel Padang,"Padang Barat, Padang",100.3596,-0.9468,4
Padang,Pangeran Beach Hotel,Pangeran Beach Hotel,"Padang Utara, Padang",100.350743608004,-0.923987933655728,4
Padang,Mercure Padang,Mercure Padang,"Padang Barat, Padang",100.352313,-0.936285,4
Padang,Ocean Beach Hotel,Ocean Beach Hotel,"Padang Barat, Padang",100.3582107,-0.9449121,4
Padang,Kyriad Bumiminang Hotel Padang,Kyriad Bumiminang Hotel Padang,"Padang Barat, Padang",100.358635,-0.955532,4
Padang,The Axana Hotel,The Axana Hotel,"Padang Barat, Padang",100.359162,-0.95468,4
Padang,favehotel Olo Padang,favehotel Olo Padang,"Padang Barat, Padang",100.355797,-0.945573,4
Padang,Deivan Hotel,Deivan Hotel,"Padang Barat, Padang",100.355416,-0.95734,4
Padang,Imelda Hotel - Water Park - Convention,Imelda Hotel - Water Park - Convention,"Pauh, Padang",100.464727,-0.942267,4
Padang,Nagari Koto Gadang,Nagari Koto Gadang,"Padang Barat, Padang",100.36148107962345,-0.9463392492953304,4
Padang,New d'Dhave Hotel,New d'Dhave Hotel,"Nanggalo, Padang",100.361719,-0.896048,4
Padang,OYO 3305 Bumi Siliwangi Residence,OYO 3305 Bumi Siliwangi Residence,"Padang Utara, Padang",100.3550818982013,-0.9204012904087272,4
Padang,Fazarel Residence Syariah,Fazarel Residence Syariah,"Padang Barat, Padang",100.35530624113926,-0.9384331732869036,4
Padang,d'Dhave hotel,d'Dhave hotel,"Padang Barat, Padang",100.3540372,-0.9354586,4
Padang,TANAHOTEL PADANG,TANAHOTEL PADANG,"Padang Utara, Padang",100.36932255828384,-0.9209890596235798,4
Padang,Kinol Homestay,Kinol Homestay,"Padang Selatan, Padang",100.361745,-0.954933,4
Padang,OYO 1673 M Authentic Kost Man,OYO 1673 M Authentic Kost Man,"Padang Barat, Padang",100.36062307486873,-0.960631782904952,4
Padang,OYO 91675 Utama Residence,OYO 91675 Utama Residence,"Padang Utara, Padang",100.3515398,-0.920044,5
Padang,Kelapa Gading Guesthouse II,Kelapa Gading Guesthouse II,"Padang Utara, Padang",100.35624101758005,-0.9152716021457644,4
Padang,Jesnic Hotel,Jesnic Hotel,"Padang Selatan, Padang",100.36393,-0.954259,4
Padang,TEE HOTEL,TEE HOTEL,"Nanggalo, Padang",100.3694402530167,-0.8870688925695485,4
Padang,Wisma Ayank,Wisma Ayank,"Lubuk Begalung, Padang",100.41916500000002,-0.94981,4
Padang,Wisma Tatar Pasundan,Wisma Tatar Pasundan,"Padang Utara, Padang",100.35257,-0.913911,4
Padang,HOTEL RUMAH RB,HOTEL RUMAH RB,"Padang Timur, Padang",100.390924,-0.9526868,3
Padang,Hotel Bintang Padang,Hotel Bintang Padang,"Padang Barat, Padang",100.358567,-0.962769,4
Padang,Lestari Guesthouse,Lestari Guesthouse,"Padang Barat, Padang",100.35783156752586,-0.9577641849145276,4
Padang,Wisma Rumah KIta,Wisma Rumah KIta,"Padang Barat, Padang",100.36043770000003,-0.9599649999999998,4
Padang,Rumah Tamu Agung,Rumah Tamu Agung,"Padang Timur, Padang",100.3850346,-0.9547117,4
Palembang,Wyndham Opi Hotel Palembang,Wyndham Opi Hotel Palembang,"Plaju, Palembang",104.79119428288914,-3.0355603303886443,4
Palembang,Beston Hotel Palembang (FKA Horison Ultima Palembang),Beston Hotel Palembang (FKA Horison Ultima Palembang),"Ilir Timur I, Palembang",104.756718,-2.979965,4
Palembang,The Alts Hotel,The Alts Hotel,"Ilir Timur II, Palembang",104.7646873,-2.9709533,4
Palembang,ASTON Palembang Hotel & Conference Center,ASTON Palembang Hotel & Conference Center,"Ilir Timur II, Palembang",104.747336,-2.95496,4
Palembang,All Nite & Day Palembang - Veteran,All Nite & Day Palembang - Veteran,"Ilir Timur I, Palembang",104.76237609999998,-2.9758718,4
Palembang,MaxOneHotels.com @ Vivo Palembang,MaxOneHotels.com @ Vivo Palembang,"Ilir Timur II, Palembang",104.759316,-2.95173,4
Palembang,The Zuri Palembang,The Zuri Palembang,"Bukit Kecil, Palembang",104.7469008,-2.9815692,4
Palembang,Rio City Hotel,Rio City Hotel,"Ilir Timur II, Palembang",104.765071,-2.980241,4
Palembang,BATIQA Hotel Palembang,BATIQA Hotel Palembang,"Ilir Barat I, Palembang",104.744264,-2.984509,4
Palembang,favehotel Palembang,favehotel Palembang,"Ilir Timur II, Palembang",104.746127,-2.956293,4
Palembang,Harper Palembang by ASTON,Harper Palembang by ASTON,"Ilir Timur II, Palembang",104.7574045,-2.952341600000001,4
Palembang,Hotel Santika Radial Palembang,Hotel Santika Radial Palembang,"Bukit Kecil, Palembang",104.7481,-2.981195,4
Palembang,The Excelton Hotel,The Excelton Hotel,"Ilir Barat I, Palembang",104.73128270000008,-2.97044,4
Palembang,Algoritma Hotel Palembang,Algoritma Hotel Palembang,"Ilir Timur II, Palembang",104.769866,-2.969668,4
Palembang,The 1O1 Palembang Rajawali,The 1O1 Palembang Rajawali,"Ilir Timur II, Palembang",104.76435,-2.971266,4
Palembang,Ayola Sentosa Palembang,Ayola Sentosa Palembang,"Ilir Timur I, Palembang",104.761615,-2.985285,4
Palembang,Emilia Hotel By Amazing - Palembang,Emilia Hotel By Amazing - Palembang,"Bukit Kecil, Palembang",104.754011,-2.984709,4
Palembang,Luminor Hotel Palembang,Luminor Hotel Palembang,"Ilir Timur I, Palembang",104.75083529949188,-2.9718308968361846,4
Palembang,Opa Hotel Palembang,Opa Hotel Palembang,"Ilir Timur II, Palembang",104.75707710000006,-2.9597004,4
Palembang,Rid's Hotel Palembang,Rid's Hotel Palembang,"Alang-Alang Lebar, Palembang",104.69942015776608,-2.915003699128356,4
Palembang,Cordela Inn R. Sukamto Palembang,Cordela Inn R. Sukamto Palembang,"Ilir Timur II, Palembang",104.76158450000004,-2.9525827,4
Palembang,Sintesa Peninsula Hotel Palembang,Sintesa Peninsula Hotel Palembang,"Ilir Timur II, Palembang",104.783859,-2.950862,4
Palembang,Hotel Harvani,Hotel Harvani,"Ilir Timur II, Palembang",104.76972209999995,-2.970807,4
Palembang,Barong Hotel,Barong Hotel,"Ilir Barat I, Palembang",104.74192,-2.976138,4
Palembang,OYO 142 Hotel Al Furqon Syariah,OYO 142 Hotel Al Furqon Syariah,"Ilir Timur II, Palembang",104.75682535115186,-2.9521481915661973,4
Palembang,The Emerald Inn,The Emerald Inn,"Ilir Barat I, Palembang",104.73719604209371,-2.9756027709493886,4
Palembang,Denata B&B,Denata B&B,"Ilir Timur I, Palembang",104.75658492179718,-2.971736699279921,4
Palembang,Cemerlang Inn,Cemerlang Inn,"Ilir Timur I, Palembang",104.75669552670388,-2.9739496832777075,4
Palembang,Alpha Family Kostel,Alpha Family Kostel,"Ilir Timur II, Palembang",104.76202519999993,-2.9523709,4
Palembang,Homestay 82 Syariah Palembang,Homestay 82 Syariah Palembang,"Ilir Timur II, Palembang",104.76035177707672,-2.9625789673696983,4
Palembang,U_xpress Hotel,U_xpress Hotel,"Ilir Timur I, Palembang",104.76041695581966,-2.9835561249437097,4
Palembang,Hotel Alam Sutra,Hotel Alam Sutra,"Sukarame, Palembang",104.731482,-2.944831,4
Palembang,OYO 3431 Alpha Hotel Syariah,OYO 3431 Alpha Hotel Syariah,"Sukarame, Palembang",104.69919048651704,-2.9086337885032307,4
Palembang,Circle One,Circle One,"Ilir Timur I, Palembang",104.76274398216763,-2.9809852989955057,4
Palembang,Desilva Bandara,Desilva Bandara,"Sukarame, Palembang",104.71402734518053,-2.9168753418862003,4
Palembang,OYO 1389 Hotel Carissima,OYO 1389 Hotel Carissima,"Ilir Timur I, Palembang",104.74936504662708,-2.975123874142169,4
Palembang,OYO 90226 Penginapan Sederhana Syariah,OYO 90226 Penginapan Sederhana Syariah,"Ilir Timur II, Palembang",104.7507789,-2.9538829,4
Palembang,roriz house palembang,roriz house palembang,"Sukarame, Palembang",104.7333664300148,-2.9451823104097223,5
Palembang,Wisma Cendana Syariah,Wisma Cendana Syariah,"Ilir Timur II, Palembang",104.74876329302788,-2.946830980070628,4
Palembang,Collection O 90428 Remington Hotel,Collection O 90428 Remington Hotel,"Ilir Timur II, Palembang",104.776883,-2.9693089,4
Palembang,D'Paragon Dwikora,D'Paragon Dwikora,"Ilir Barat I, Palembang",104.74145870000008,-2.9718874,4
Palembang,OYO 1868 Penginapan Sekip,OYO 1868 Penginapan Sekip,"Ilir Timur II, Palembang",104.7518904,-2.9696145,4
Palembang,OYO 2177 Trikora Indah Residence Palembang,OYO 2177 Trikora Indah Residence Palembang,"Ilir Barat I, Palembang",104.73967932484275,-2.9678487900333663,4
Palembang,OYO 91680 Hotel Mentari,OYO 91680 Hotel Mentari,"Sukarame, Palembang",104.7276898,-2.9370801,5
Palembang,Hotel Grand Putri Sriwijaya Syariah,Hotel Grand Putri Sriwijaya Syariah,"Plaju, Palembang",104.7892886631946,-3.029772592299245,4
Palembang,D'Paragon Trikora,D'Paragon Trikora,"Ilir Barat I, Palembang",104.73542709999992,-2.9677318,4
Palembang,OYO 90412 My Kost,OYO 90412 My Kost,"Ilir Timur I, Palembang",104.7506975,-2.9730339,4
Palembang,Green Guesthouse,Green Guesthouse,"Sukarame, Palembang",104.7080964,-2.9190729,4
Palembang,OYO 91160 Wisma Srijaya Syariah,OYO 91160 Wisma Srijaya Syariah,"Ilir Barat I, Palembang",104.72045123577118,-2.9622361034123825,4
Palembang,OYO 91805 Hotel Wisma Bari,OYO 91805 Hotel Wisma Bari,"Ilir Timur I, Palembang",104.7584975,-2.9824573,5
Bogor,Lorin Sentul Hotel,Lorin Sentul Hotel,"Sentul, Bogor",106.85598883068847,-6.5315578986993374,4
Bogor,ASTON Sentul Lake Resort & Conference Center,ASTON Sentul Lake Resort & Conference Center,"Sentul, Bogor",106.8824458134918,-6.587060849017382,4
Bogor,Grand Savero Hotel Bogor,Grand Savero Hotel Bogor,"Padjajaran, Bogor",106.804846,-6.596488,4
Bogor,Horison Ultima Bhuvana Ciawi,Horison Ultima Bhuvana Ciawi,"Ciawi, Bogor",106.85389770000006,-6.6611562,4
Bogor,ibis Styles Bogor Raya,ibis Styles Bogor Raya,"Bogor Raya, Bogor",106.837198,-6.604849,4
Bogor,Novotel Bogor Golf Resort & Convention Center,Novotel Bogor Golf Resort & Convention Center,"Bogor Raya, Bogor",106.836877,-6.604141,4
Bogor,R Hotel Rancamaya,R Hotel Rancamaya,"Bogor Selatan, Bogor",106.823043,-6.659211,4
Bogor,Padjadjaran Suites Resort & Convention Hotel,Padjadjaran Suites Resort & Convention Hotel,"Bogor Nirwana Residence, Bogor",106.786538,-6.640523,4
Bogor,Savero Style Bogor,Savero Style Bogor,"Padjajaran, Bogor",106.8045138,-6.5937674,4
Bogor,Arch Hotel Bogor,Arch Hotel Bogor,"Padjajaran, Bogor",106.807873,-6.578538,4
Bogor,Green Forest Bogor,Green Forest Bogor,"Bogor Selatan, Bogor",106.805998,-6.649556,4
Bogor,Padjadjaran Hotel,Padjadjaran Hotel,"Padjajaran, Bogor",106.806938946247,-6.57699136505589,4
Bogor,The Sahira Hotel ( Syariah Hotel ),The Sahira Hotel ( Syariah Hotel ),"Tanah Sareal, Bogor",106.79993838071825,-6.574910341703628,4
Bogor,Citrus-house,Citrus-house,"Bogor Timur, Bogor",106.81917470000008,-6.607841899999999,4
Bogor,Onih Hotel,Onih Hotel,"Juanda, Bogor",106.79454177618028,-6.601645898352122,4
Bogor,New Green Sentul Resort & Hotel,New Green Sentul Resort & Hotel,"Sentul, Bogor",106.86299140000006,-6.5367916,4
Bogor,Sahira Butik Hotel (Syariah Hotel),Sahira Butik Hotel Paledang,"Juanda, Bogor",106.794146,-6.600951,4
Bogor,Rizen Padjadjaran Hotel,Rizen Padjadjaran Hotel,"Pakuan, Bogor",106.808952,-6.603978,4
Bogor,The Village Resort Bogor By Waringin Hospitality,The Village Resort Bogor By Waringin Hospitality,"Caringin, Bogor",106.86060239384848,-6.713184773305533,4
Bogor,Pelindo Residence (Syariah),Pelindo Residence (Syariah),"Ciawi, Bogor",106.85562900000002,-6.655413999999999,4
Bogor,Light Box,Light Box,"Padjajaran, Bogor",106.80558941356124,-6.591992625667621,4
Bogor,Sahira Butik Pakuan (Syariah Hotel),Sahira Butik Pakuan (Syariah Hotel),"Pakuan, Bogor",106.81060690000004,-6.606828199999999,4
Bogor,Sienna Residence,Sienna Residence,"Ciomas, Bogor",106.7508688,-6.574108900000001,4
Bogor,Residence Tanjung Pakuan,Residence Tanjung Pakuan,"Bogor Tengah, Bogor",106.81424260139464,-6.597153658217978,4
Semarang,Po Hotel (FKA Crowne Plaza Semarang),Po Hotel (FKA Crowne Plaza Semarang),"Semarang Tengah, Semarang",110.41565709999998,-6.9786231,4
Semarang,Gumaya Tower Hotel Semarang,Gumaya Tower Hotel Semarang,"Semarang Tengah, Semarang",110.420059,-6.977311,4
Semarang,Amanda Hills Bandungan,Amanda Hills Bandungan,"Bandungan, Semarang",110.360637,-7.219995,4
Semarang,Hotel Ciputra Semarang managed by Swiss-Belhotel International,Hotel Ciputra Semarang managed by Swiss-Belhotel International,"Semarang Tengah, Semarang",110.423799,-6.988595,4
Semarang,Whiz Hotel Pemuda Semarang,Whiz Hotel Pemuda Semarang,"Semarang Tengah, Semarang",110.415086,-6.97778,4
Semarang,Grand Candi Hotel Semarang,Grand Candi Hotel Semarang,"Candisari, Semarang",110.422818,-7.016298,4
Semarang,HA-KA Simpang Lima Hotel Semarang,HA-KA Simpang Lima Hotel Semarang,"Semarang Tengah, Semarang",110.429122,-6.993303,4
Semarang,Horison Kota Lama Semarang,Horison Kota Lama Semarang,"Semarang Timur, Semarang",110.431358,-6.969023,4
Semarang,Golden City Hotel and Convention Center,Golden City Hotel and Convention Center,"Kota Lama, Semarang",110.430668,-6.967673,4
Semarang,The Azana Hotel Airport Semarang,The Azana Hotel Airport Semarang,"Semarang Barat, Semarang",110.38479559999996,-6.9850258,4
Semarang,Citrip Hotel Simpang Lima (FKA CityOne),Citrip Hotel Simpang Lima (FKA CityOne),"Semarang Tengah, Semarang",110.427384,-6.989578,4
Semarang,Hotel Citradream Semarang,Hotel Citradream Semarang,"Semarang Tengah, Semarang",110.410395,-6.981019,4
Semarang,Candiview Hotel Semarang,Candiview Hotel Semarang,"Gajahmungkur, Semarang",110.409583,-7.002187,4
Semarang,Hotel Dalu Semarang,Hotel Dalu Semarang,"Pedurungan, Semarang",110.45753002166748,-7.006575937467707,4
Semarang,Hotel Grasia,Hotel Grasia,"Gajahmungkur, Semarang",110.409617,-7.004583,4
Semarang,Hotel Pantes Candi Simpang Lima,Hotel Pantes Candi Simpang Lima,"Candisari, Semarang",110.4254407,-7.0097864,4
Semarang,Plaza Hotel Semarang,Plaza Hotel Semarang,"Banyumanik, Semarang",110.419879078865,-7.04765040503779,4
Yogyakarta,INNSIDE by Melia Yogyakarta,INNSIDE by Melia Yogyakarta,"Depok, Yogyakarta",110.4316149,-7.766981400000001,4
Yogyakarta,Melia Purosani Yogyakarta,Melia Purosani Yogyakarta,"Jalan Malioboro, Yogyakarta",110.368786,-7.797229,4
Yogyakarta,The Alana Hotel & Conference Center Malioboro Yogyakarta by ASTON,The Alana Hotel & Conference Center Malioboro Yogyakarta by ASTON,"Mantrijeron, Yogyakarta",110.36539,-7.81465,4
Yogyakarta,The Alana Yogyakarta Hotel & Convention Center,The Alana Yogyakarta Hotel & Convention Center,"Ngaglik, Yogyakarta",110.377259,-7.739352,4
Yogyakarta,Yogyakarta Marriott Hotel,Yogyakarta Marriott Hotel,"Depok, Yogyakarta",110.39822458369964,-7.761495867607936,4
Yogyakarta,Hyatt Regency Yogyakarta,Hyatt Regency Yogyakarta,"Ngaglik, Yogyakarta",110.373909473419,-7.74094043204933,4
Yogyakarta,Sheraton Mustika Yogyakarta Resort & Spa,Sheraton Mustika Yogyakarta Resort & Spa,"Depok, Yogyakarta",110.428075,-7.781744,4
Yogyakarta,ARTOTEL Suites Bianti Yogyakarta,ARTOTEL Suites Bianti Yogyakarta,"Gondokusuman, Yogyakarta",110.3818613,-7.7828827,4
Yogyakarta,Royal Ambarrukmo Yogyakarta,Royal Ambarrukmo Yogyakarta,"Depok, Yogyakarta",110.40316773016356,-7.782973251012492,4
Yogyakarta,Hotel Dafam Fortuna Seturan,Hotel Dafam Fortuna Seturan,"Seturan, Yogyakarta",110.410881,-7.76561,4
Yogyakarta,eL Hotel Royale Yogyakarta Malioboro,eL Hotel Royale Yogyakarta Malioboro,"Jalan Malioboro, Yogyakarta",110.36499779999995,-7.7937449,4
Yogyakarta,Grand Mercure Yogyakarta Adi Sucipto,Grand Mercure Yogyakarta Adi Sucipto,"Depok, Yogyakarta",110.392004,-7.783458,4
Yogyakarta,The Rich Jogja Hotel,The Rich Jogja Hotel,"Mlati, Yogyakarta",110.36108874603268,-7.752580999999978,4
Yogyakarta,Grand Diamond Hotel Yogyakarta,Grand Diamond Hotel Yogyakarta,"Depok, Yogyakarta",110.423852,-7.782487,4
Yogyakarta,Malyabhara Hotel,Malyabhara Hotel,"Jalan Malioboro, Yogyakarta",110.3661721,-7.7934831,4
Yogyakarta,Lafayette Boutique Hotel,Lafayette Boutique Hotel,"Depok, Yogyakarta",110.387459,-7.759281,4
Yogyakarta,Indoluxe Hotel Jogjakarta,Indoluxe Hotel Jogjakarta,"Ngaglik, Yogyakarta",110.371717,-7.750694,4
Yogyakarta,Next Hotel Yogyakarta,Next Hotel Yogyakarta,"Depok, Yogyakarta",110.418641,-7.780946799999998,4
Yogyakarta,favehotel Kusumanegara,favehotel Kusumanegara,"Umbulharjo, Yogyakarta",110.38823737116392,-7.801641892773746,4
Yogyakarta,Harper Malioboro Yogyakarta by ASTON,Harper Malioboro Yogyakarta by ASTON,"Jetis, Yogyakarta",110.367112,-7.784741,4
Yogyakarta,Prime Plaza Hotel Jogjakarta,Prime Plaza Hotel Jogjakarta,"Gejayan, Yogyakarta",110.389047861099,-7.77732899907829,4
Yogyakarta,Yellow Star Ambarukmo Hotel,Yellow Star Ambarukmo Hotel,"Depok, Yogyakarta",110.39758899999993,-7.783328000000002,4
Yogyakarta,Yellow Star Gejayan Hotel,Yellow Star Gejayan Hotel,"Gejayan, Yogyakarta",110.389811,-7.77139,4
Yogyakarta,The Jayakarta Yogyakarta Hotel & Spa,The Jayakarta Yogyakarta Hotel & Spa,"Depok, Yogyakarta",110.419667959213,-7.78345457624549,4
Yogyakarta,Grand Kangen Hotel Urip Sumoharjo Yogyakarta,Grand Kangen Hotel Urip Sumoharjo Yogyakarta,"Gondokusuman, Yogyakarta",110.3869588,-7.7831141,4
Yogyakarta,Patra Malioboro Hotel,Patra Malioboro Hotel,"Jalan Malioboro, Yogyakarta",110.3637213,-7.7917305,4
Yogyakarta,Grand Keisha Yogyakarta,Grand Keisha Yogyakarta,"Gejayan, Yogyakarta",110.3955307,-7.7592676,4
Yogyakarta,KJ Hotel Yogyakarta,KJ Hotel Yogyakarta,"Jalan Prawirotaman, Yogyakarta",110.36712925606685,-7.822790903967212,4
Yogyakarta,Abadi Hotel Malioboro Yogyakarta by Tritama Hospitality,Abadi Hotel Malioboro Yogyakarta by Tritama Hospitality,"Jalan Malioboro, Yogyakarta",110.363202,-7.790326,4
Yogyakarta,All Nite & Day Hotel Yogyakarta - Gejayan,All Nite & Day Hotel Yogyakarta - Gejayan,"Gondokusuman, Yogyakarta",110.3879623,-7.7802114,4
Yogyakarta,Grand Rohan Jogja,Grand Rohan Jogja,"Banguntapan, Yogyakarta",110.4051346,-7.7983109,4
Yogyakarta,The Manohara Hotel Yogyakarta,The Manohara Hotel Yogyakarta,"Gejayan, Yogyakarta",110.3890945,-7.7745054,4
Yogyakarta,ibis Yogyakarta Adi Sucipto,ibis Yogyakarta Adi Sucipto,"Depok, Yogyakarta",110.392004,-7.783458,4
Yogyakarta,Sagan Heritage Hotel,Sagan Heritage Hotel,"Gondokusuman, Yogyakarta",110.376335144043,-7.77997875213623,4
Yogyakarta,Aveon Hotel Yogyakarta by Daphna International,Aveon Hotel Yogyakarta by Daphna International,"Depok, Yogyakarta",110.42244237485149,-7.764005845725988,4
Yogyakarta,h Boutique Hotel Jogjakarta,h Boutique Hotel Jogjakarta,"Gondokusuman, Yogyakarta",110.3791264,-7.782771599,4
Yogyakarta,Grand Sarila Hotel Yogyakarta,Grand Sarila Hotel Yogyakarta,"Gejayan, Yogyakarta",110.39588570638443,-7.759019235289791,4
Yogyakarta,Student Castle Apartment HD,Student Castle Apartment HD,"Depok, Yogyakarta",110.40791000054412,-7.773638441955473,4
Yogyakarta,Horison Lynn Yogyakarta,Horison Lynn Yogyakarta,"Mantrijeron, Yogyakarta",110.366831,-7.82459,4
Yogyakarta,D'Salvatore Art & Boutique Hotel,D'Salvatore Art & Boutique Hotel,"Depok, Yogyakarta",110.425674,-7.783593,4
Solo,The Alana Hotel and Convention Center - Solo by ASTON,The Alana Hotel and Convention Center - Solo by ASTON,"Colomadu, Solo",110.7747,-7.5452,4
Solo,Swiss-Belhotel Solo,Swiss-Belhotel Solo,"Gilingan, Solo",110.822329,-7.553042,4
Solo,Syariah Hotel Solo,Syariah Hotel Solo,"Kartasura, Solo",110.765821,-7.544485,4
Solo,Grand Mercure Solo Baru,Grand Mercure Solo Baru,"Solo Baru, Solo",110.815348,-7.597278,4
Solo,POP! Hotel Solo,POP! Hotel Solo,"Purwosari, Solo",110.79884,-7.56289,4
Solo,favehotel Solo Baru,favehotel Solo Baru,"Solo Baru, Solo",110.81406917,-7.599578,4
Solo,favehotel Manahan - Solo,favehotel Manahan - Solo,"Kerten, Solo",110.79526869999997,-7.5519962,4
Solo,Al Azhar Azhima Hotel Resort & Convention,Al Azhar Azhima Hotel Resort & Convention,"Ngemplak, Solo",110.754826,-7.522577,4
Solo,MAHALAYA The Legacy Hotel,MAHALAYA The Legacy Hotel,"Setabelan, Solo",110.8242962,-7.561771100000001,5
Solo,Grand Orchid Hotel Solo,Grand Orchid Hotel Solo,"Timuran, Solo",110.81757,-7.567118,4
Solo,LOA Living Solo Baru,LOA Living Solo Baru,"Solo Baru, Solo",110.8154369,-7.601889100000002,4
Solo,The Amrani Syariah Hotel,The Amrani Syariah Hotel,"Kerten, Solo",110.789448,-7.560096,4
Solo,Hotel Tosan Solo Baru,Hotel Tosan Solo Baru,"Solo Baru, Solo",110.81222739999998,-7.606838900000001,4
Solo,Twin Star Hotel Solo,Twin Star Hotel Solo,"Kestalan, Solo",110.823377966881,-7.56013662728808,4
Solo,Diamond Hotel,Diamond Hotel,"Purwosari, Solo",110.803163,-7.563902,4
Solo,Fivecord Hotel Solo,Fivecord Hotel Solo,"Jebres, Solo",110.8431916,-7.559495099999999,4
Solo,The Margangsa Hotel,The Margangsa Hotel,"Sriwedari, Solo",110.81619877546314,-7.570850541649903,4
Solo,Indah Palace Solo,Indah Palace Solo,"Tipes, Solo",110.8092305,-7.5785695,4
Solo,Front One Cabin Slamet Riyadi,Front One Cabin Slamet Riyadi,"Kemlayan, Solo",110.823262,-7.570507,4
Solo,Assalaam Syariah Hotel Solo,Assalaam Syariah Hotel Solo,"Kartasura, Solo",110.769865,-7.5538,4
Solo,Hotel Bintang Solo,Hotel Bintang Solo,"Pucang Sawit, Solo",110.855065,-7.5644,4
Solo,Hotel Sahid Jaya Solo,Hotel Sahid Jaya Solo,"Ketelan, Solo",110.818992,-7.564168,4
Solo,Malioboro Inn Solo,Malioboro Inn Solo,"Laweyan, Solo",110.797315,-7.569887,4
Solo,Griya Surya Solo Guesthouse,Griya Surya Solo Guesthouse,"Solo Baru, Solo",110.816484,-7.593605,4
Solo,D'paragon Kerten,D'paragon Kerten,"Jajar, Solo",110.79241092034133,-7.552047576829574,4
Solo,Hotel Grand Setia Kawan,Hotel Grand Setia Kawan,"Manahan, Solo",110.815372,-7.549783,4
Solo,Luxury Inn Guest House,Luxury Inn Guest House,"Jajar, Solo",110.7849928,-7.5574122,4
Solo,Griya Tenera Syariah,Griya Tenera Syariah,"Tegalharjo, Solo",110.834282,-7.561916,4
Surabaya,Tunjungan Hotel Surabaya,Tunjungan Hotel Surabaya,"Tegalsari, Surabaya",112.740325927734,-7.26209017099095,4
Surabaya,Grand Darmo Suite by AMITHYA,Grand Darmo Suite by AMITHYA,"Wonokromo, Surabaya",112.7409882209015,-7.291799011074431,4
Surabaya,The Alana Surabaya,The Alana Surabaya,"Wonokromo, Surabaya",112.73163557,-7.31861569,4
Surabaya,Four Points by Sheraton Surabaya,Four Points by Sheraton Surabaya,"Tegalsari, Surabaya",112.73892,-7.261012,5
Surabaya,Midtown Residence Marvell City Surabaya,Midtown Residence Marvell City Surabaya,"Wonokromo, Surabaya",112.74541640000008,-7.2889754,4
Surabaya,Vasa Hotel Surabaya,Vasa Hotel Surabaya,"Sukomanunggal, Surabaya",112.69888160000004,-7.286153700000001,4
Surabaya,Sheraton Surabaya Hotel and Towers,Sheraton Surabaya Hotel and Towers,"Tegalsari, Surabaya",112.738317,-7.2626,4
Surabaya,Premier Place Surabaya Airport,Premier Place Surabaya Airport,"Gedangan, Surabaya",112.738925,-7.379298,4
Surabaya,Shangri-La Surabaya,Shangri-La Surabaya,"Sawahan, Surabaya",112.7157,-7.2896,4
Surabaya,Garden Palace Hotel Powered by Archipelago,Garden Palace Hotel Powered by Archipelago,"Genteng, Surabaya",112.74650169999995,-7.2638339,4
Surabaya,HARRIS Hotel & Conventions Gubeng,HARRIS Hotel & Conventions Gubeng,"Gubeng, Surabaya",112.7493688650818,-7.272543067789512,4
Surabaya,JW Marriott Hotel Surabaya,JW Marriott Hotel Surabaya,"Tegalsari, Surabaya",112.73484408092042,-7.25965866303062,4
Surabaya,Hotel Ciputra World Surabaya managed by Swiss-Belhotel International,Hotel Ciputra World Surabaya managed by Swiss-Belhotel International,"Sawahan, Surabaya",112.72389850000002,-7.292203900000001,4
Surabaya,Primebiz Hotel Surabaya,Primebiz Hotel Surabaya,"Wonokromo, Surabaya",112.72245399999996,-7.329400999999998,4
Surabaya,The Life Styles Hotel Surabaya,The Life Styles Hotel Surabaya,"Gubeng, Surabaya",112.751004,-7.267114,4
Surabaya,Grand Dafam Signature Surabaya,Grand Dafam Signature Surabaya,"Genteng, Surabaya",112.74940749999996,-7.266701,4
Surabaya,Swiss-Belinn Airport Surabaya,Swiss-Belinn Airport Surabaya,"Gedangan, Surabaya",112.74233099999992,-7.380285,4
Surabaya,Holiday Inn Express SURABAYA CENTERPOINT,Holiday Inn Express SURABAYA CENTERPOINT,"Sawahan, Surabaya",112.730666,-7.263879,4
Surabaya,Bekizaar Hotel Surabaya,Bekizaar Hotel Surabaya,"Genteng, Surabaya",112.741243,-7.2636,4
Surabaya,Royal Tulip Darmo Surabaya,Royal Tulip Darmo Surabaya,"Tegalsari, Surabaya",112.7382145,-7.286353999999999,4
Surabaya,Alimar Premier Hotel,Alimar Premier Hotel,"Mulyorejo, Surabaya",112.781738,-7.271114,4
Surabaya,Hotel Aria Centra Surabaya,Hotel Aria Centra Surabaya,"Genteng, Surabaya",112.74367329999995,-7.267606799999999,4
Surabaya,Swiss-Belinn Manyar Surabaya,Swiss-Belinn Manyar Surabaya,"Mulyorejo, Surabaya",112.770375,-7.28075,4
Surabaya,Surabaya Suites Hotel Powered by Archipelago,Surabaya Suites Hotel Powered by Archipelago,"Genteng, Surabaya",112.748466432095,-7.26367860198551,4
Surabaya,HARRIS Hotel & Conventions Bundaran Satelit Surabaya,HARRIS Hotel & Conventions Bundaran Satelit Surabaya,"Sukomanunggal, Surabaya",112.702544,-7.286392,4
Surabaya,Neo+ Waru Sidoarjo by ASTON,Neo+ Waru Sidoarjo by ASTON,"Waru, Surabaya",112.72902269999996,-7.359070200000001,4
Surabaya,Hotel Gunawangsa MERR,Hotel Gunawangsa MERR,"Rungkut, Surabaya",112.78154821593851,-7.311311225578559,4
Surabaya,ibis budget Surabaya Airport,ibis Budget Surabaya Airport,"Sedati, Surabaya",112.794022,-7.375076,4
Surabaya,POP! Hotel Stasiun Kota Surabaya,POP! Hotel Stasiun Kota Surabaya,"Pabean Cantikan, Surabaya",112.742412,-7.2411942,4
Surabaya,POP! Hotel Diponegoro Surabaya,POP! Hotel Diponegoro Surabaya,"Wonokromo, Surabaya",112.737128,-7.293074,4
Surabaya,Zest Hotel Jemursari,Zest Hotel Jemursari,"Tenggilis Mejoyo, Surabaya",112.75766240000009,-7.3118308,4
Surabaya,Hotel 88 Embong Malang,Hotel 88 Embong Malang,"Tegalsari, Surabaya",112.7336,-7.258329,4
Surabaya,Hotel 88 Embong Kenongo (Kayoon),Hotel 88 Embong Kenongo (Kayoon),"Genteng, Surabaya",112.746429,-7.26569,4
Surabaya,Prime Royal Boutique Hotel Surabaya,Prime Royal Boutique Hotel Surabaya,"Sawahan, Surabaya",112.729788,-7.256423,4
Surabaya,Hotel 88 Kedungsari (Kedungdoro),Hotel 88 Kedungsari (Kedungdoro),"Tegalsari, Surabaya",112.73152124136686,-7.266139727700091,4
Surabaya,Amaris Hotel Embong Malang,Amaris Hotel Embong Malang,"Tegalsari, Surabaya",112.733392,-7.25882,4
Surabaya,The Life Hotels Surabaya City Center,The Life Hotels Surabaya City Center,"Genteng, Surabaya",112.74972461534423,-7.2536588984167825,4
Surabaya,Amaris Hotel Margorejo Surabaya,Amaris Hotel Margorejo Surabaya,"Wonocolo, Surabaya",112.74937595228003,-7.317315063615441,4
Surabaya,Goldvitel Hotel Surabaya,Goldvitel Hotel Surabaya,"Genteng, Surabaya",112.7421671,-7.272566100000001,4
Surabaya,ZOOM Dharmahusada Hotel,ZOOM Dharmahusada Hotel,"Gubeng, Surabaya",112.773186,-7.268642,4
Surabaya,Amaris Hotel Darmo - Surabaya,Amaris Hotel Darmo - Surabaya,"Tegalsari, Surabaya",112.73735001683237,-7.286296504777578,4
Surabaya,Grand Inna Tunjungan,Grand Inna Tunjungan,"Genteng, Surabaya",112.741517,-7.262513,4
Surabaya,Hotel Dafam Pacific Caesar Surabaya,Hotel Dafam Pacific Caesar Surabaya,"Mulyorejo, Surabaya",112.7827949,-7.253993599999999,4
Surabaya,Sumi Hotel Surabaya,Sumi Hotel Surabaya,"Dukuh Pakis, Surabaya",112.70935714244844,-7.28872291949069,4
Surabaya,MaxOneHotels.com @ Dharmahusada - Surabaya,MaxOneHotels.com @ Dharmahusada - Surabaya,"Gubeng, Surabaya",112.771152,-7.267384,4
Surabaya,Yello Hotel Jemursari,Yello Hotel Jemursari,"Tenggilis Mejoyo, Surabaya",112.7540904,-7.3155923,4
Surabaya,D'Carol Hotel Surabaya,D'Carol Hotel Surabaya,"Genteng, Surabaya",112.73002,-7.247072199999998,4
Surabaya,Life Hotel Sudirman Surabaya,Life Hotel Sudirman Surabaya,"Genteng, Surabaya",112.742343,-7.272176,4
Surabaya,Novotel Surabaya - Hotel & Suites,Novotel Surabaya Hotel &amp; Suites,"Wonokromo, Surabaya",112.742909,-7.296002,4
Surabaya,La Lisa Hotel Surabaya,La Lisa Hotel Surabaya,"Gubeng, Surabaya",112.761975,-7.305143,4
Surabaya,BATIQA Hotel Darmo - Surabaya,BATIQA Hotel Darmo - Surabaya,"Wonokromo, Surabaya",112.74061732817232,-7.294285813472827,4
Surabaya,Halogen Hotel Airport Surabaya,Halogen Hotel Airport Surabaya,"Sedati, Surabaya",112.761063,-7.371703,4
Jakarta,Arimbi Pejaten Suites,Arimbi Pejaten Suites,"Ragunan, Jakarta",106.826923,-6.277947,4
Jakarta,The St. Regis Jakarta,The St. Regis Jakarta,"Kuningan, Jakarta",106.827499,-6.206046,5
Jakarta,Ashley Tang Menteng,Ashley Tang Menteng,"Menteng, Jakarta",106.82463213801384,-6.185000808605861,4
Jakarta,Hariston Hotel & Suites,Hariston Hotel & Suites,"Pluit, Jakarta",106.787725,-6.137193,4
Jakarta,Ashley Tanah Abang,Ashley Tanah Abang,"Tanah Abang, Jakarta",106.81736481779473,-6.186250433648075,4
Jakarta,Aloft Jakarta Wahid Hasyim,Aloft Jakarta Wahid Hasyim,"Kebon Sirih, Jakarta",106.827273,-6.186723,4
Jakarta,Mandarin Oriental Jakarta,Mandarin Oriental Jakarta,"Thamrin, Jakarta",106.82364080000002,-6.1961069,4
Jakarta,Swiss-Belinn Kemayoran,Swiss-Belinn Kemayoran,"Kemayoran, Jakarta",106.850211,-6.1493974,4
Jakarta,Grand Tjokro Jakarta,Grand Tjokro Jakarta,"Tanjung Duren, Jakarta",106.78167,-6.165725,4
Bandung,Easton Park Apartment Jatinangor by Diajeng,Easton Park Apartment Jatinangor by Diajeng,"Jatinangor, Bandung",107.76518599999996,-6.9364236,4
Bandung,Dago Heuvel Resort and Villa,Dago Heuvel Resort and Villa,"Mekarsaluyu, Bandung",107.6436917908768,-6.859359176017268,4
Bandung,Swiss-Belresort Dago Heritage Bandung,Swiss-Belresort Dago Heritage Bandung,"Dago Atas, Bandung",107.6252879,-6.8669056,4
Bandung,Grandia Hotel Bandung,Grandia Hotel Bandung,"Cihampelas, Bandung",107.604483,-6.900855,4
Bandung,V Hotel & Residence,V Hotel & Residence,"Pasteur, Bandung",107.584433,-6.881761,4
Bandung,d'primahotel Bandung,d'primahotel Bandung,"Sukajadi, Bandung",107.596367,-6.886018,4
Bandung,Hotel Dafam Rio,Hotel Dafam Rio,"Jalan Riau, Bandung",107.62925259768964,-6.914218513250424,4
Medan,Saka Hotel Medan,Saka Hotel Medan,"Medan Sunggal, Medan",98.626657,3.588622,4
Medan,OYO 873 Kamani Homestay Syariah,OYO 873 Kamani Homestay Syariah,"Medan Sunggal, Medan",98.62827629999992,3.571947,4
Banda Aceh,Arabia Hotel,Arabia Hotel,"Kuta Alam, Banda Aceh",95.32019420000006,5.557784499999999,4
Banda Aceh,Ayani Hotel Banda Aceh,Ayani Hotel Banda Aceh,"Kuta Alam, Banda Aceh",95.319169,5.556965,4
Banda Aceh,MyHome Hotel Aceh,MyHome Hotel Aceh,"Kuta Alam, Banda Aceh",95.3202692,5.556309799999999,4
Padang,HW Hotel Padang,HW Hotel Padang,"Padang Barat, Padang",100.355494022369,-0.958362233906709,4
Padang,OYO 3092 Falah Residence Syariah,OYO 3092 Falah Residence Syariah,"Padang Timur, Padang",100.39740679449484,-0.9464238829851408,4
Padang,Hotel Savali,Hotel Savali,"Padang Barat, Padang",100.355162,-0.9573,4
Padang,UNP Hotel & Convention Center,UNP Hotel & Convention Center,"Padang Utara, Padang",100.3504613,-0.8993410000000001,4
Padang,OYO 4010 Zaara Guest House Syariah,OYO 4010 Zaara Guest House Syariah,"Padang Timur, Padang",100.3767538,-0.9465224,4
Padang,Palanta Roemah Kajoe Syariah,Palanta Roemah Kajoe Syariah,"Lubuk Begalung, Padang",100.38020419999998,-0.9643718999999998,4
Padang,Fafan Budget Hotel Syariah,Fafan Budget Hotel Syariah,"Padang Utara, Padang",100.3579389,-0.9157572,4
Palembang,OYO 236 Penginapan Rumah Hijau,OYO 236 Penginapan Rumah Hijau,"Ilir Timur II, Palembang",104.73578939999992,-2.955325,4
Palembang,Bina Darma Hotel Palembang,Bina Darma Hotel Palembang,"Seberang Ulu I, Palembang",104.7727545,-2.997658,4
Palembang,Radial Mas,Radial Mas,"Bukit Kecil, Palembang",104.7486192005249,-2.9814977980487085,4
Bogor,THE 1O1 Bogor Suryakancana,THE 1O1 Bogor Suryakancana,"Jalan Suryakencana, Bogor",106.80296003635408,-6.607528257682807,4
Bogor,Swiss-Belcourt Bogor,Swiss-Belcourt Bogor,"Tanah Sareal, Bogor",106.7819359,-6.5535235,4
Bogor,The Highland Park Resort Bogor,The Highland Park Resort Bogor,"Ciapus, Bogor",106.729335,-6.658037,4
Bogor,Izi Hotel,Izi Hotel,"Pakuan, Bogor",106.8127867962952,-6.60548629470116,4
Bogor,Lido Lake Resort by MNC Hotel,Lido Lake Resort by MNC Hotel,"Lido, Bogor",106.80795,-6.7448904,4
Bogor,Royal Hotel Bogor,Royal Hotel Bogor,"Juanda, Bogor",106.795768737793,-6.60375499725342,4
Bogor,Hotel Permata Bogor,Hotel Permata Bogor,"Padjajaran, Bogor",106.80504772883604,-6.597454966707796,4
Bogor,CICO Resort (Cottage & Convention),CICO Resort (Cottage & Convention),"Bogor Utara, Bogor",106.83264,-6.590313,4
Bogor,Polaz  Bed & Brew,Polaz  Bed & Brew,"Bogor Utara, Bogor",106.816714,-6.581343,4
Semarang,Metro Park View Hotel,Metro Park View Hotel,"Semarang Tengah, Semarang",110.4232794,-6.971200199999999,4
Semarang,Wimarion Hotel Semarang,Wimarion Hotel Semarang,"Candisari, Semarang",110.41825745254756,-7.007911018174739,4
Semarang,Hotel Dafam Semarang,Hotel Dafam Semarang,"Semarang Tengah, Semarang",110.411366,-6.979482,4
Semarang,Grand Panorama Hotel,Grand Panorama Hotel,"Bandungan, Semarang",110.39090657867094,-7.204250616736443,4
Semarang,Terra Cassa Hotel,Terra Cassa Hotel,"Bandungan, Semarang",110.366437,-7.223311,4
Yogyakarta,PORTA by The Ambarrukmo,PORTA by The Ambarrukmo,"Depok, Yogyakarta",110.381978,-7.776703200000001,4
Yogyakarta,"KIMAYA Sudirman Yogyakarta, By HARRIS","KIMAYA Sudirman Yogyakarta, By HARRIS","Gondokusuman, Yogyakarta",110.3777969,-7.782718699999998,4
Yogyakarta,Sahid Raya Hotel & Convention Yogyakarta,Sahid Raya Hotel & Convention Yogyakarta,"Depok, Yogyakarta",110.414337,-7.779828,4
Yogyakarta,Greenhost Boutique Hotel,Greenhost Boutique Hotel,"Jalan Prawirotaman, Yogyakarta",110.369119,-7.820081,4
Yogyakarta,Bohemian Jogja Villas With Private Pool,Bohemian Jogja Villas With Private Pool,"Mlati, Yogyakarta",110.3591851,-7.7574578,4
Yogyakarta,Horison Ultima Riss Malioboro Yogyakarta,Horison Ultima Riss Malioboro Yogyakarta,"Gedongtengen, Yogyakarta",110.364412,-7.788017,4
Yogyakarta,@HOM Premiere Timoho,@HOM Premiere Timoho,"Umbulharjo, Yogyakarta",110.39245589999996,-7.798514499999999,4
Yogyakarta,favehotel Malioboro - Yogyakarta,favehotel Malioboro - Yogyakarta,"Kotabaru, Yogyakarta",110.369769,-7.785702,4
Solo,Grand Amira Hotel Solo by Azana,Grand Amira Hotel Solo by Azana,"Pasar Kliwon, Solo",110.828134,-7.584146,4
Solo,Mandala Wisata Hotel,Mandala Wisata Hotel,"Sondakan, Solo",110.798539,-7.564658,4
Solo,Kusuma Sahid Prince Hotel,Kusuma Sahid Prince Hotel,"Kampung Baru, Solo",110.826846,-7.566944,4
Surabaya,Best Western Papilio Hotel,Best Western Papilio Hotel,"Wonokromo, Surabaya",112.72998329999996,-7.331106199999998,4
Surabaya,MIRA inn Kayoon Surabaya City Center,MIRA inn Kayoon Surabaya City Center,"Genteng, Surabaya",112.74839799999997,-7.268157000000002,4
Surabaya,Hotel Majapahit Surabaya - MGallery,Hotel Majapahit Surabaya - MGallery,"Genteng, Surabaya",112.740077,-7.259726,4
